arm,sample_id,repo_name,language,file_size_band,file_line_count,findings_total,high,medium,low,checks_failed,failed_check_ids
agent_attributed,aira-aidev-full-pilot-arm-a_agent_attributed_00001,crewAIInc/crewAI,python,100_299,244,0,0,0,0,0,
agent_attributed,aira-aidev-full-pilot-arm-a_agent_attributed_00002,Kiln-AI/Kiln,python,100_299,116,0,0,0,0,0,
agent_attributed,aira-aidev-full-pilot-arm-a_agent_attributed_00003,Significant-Gravitas/AutoGPT,python,100_299,294,0,0,0,0,0,
agent_attributed,aira-aidev-full-pilot-arm-a_agent_attributed_00004,Significant-Gravitas/AutoGPT,python,100_299,116,0,0,0,0,0,
agent_attributed,aira-aidev-full-pilot-arm-a_agent_attributed_00005,Significant-Gravitas/AutoGPT,python,100_299,159,0,0,0,0,0,
agent_attributed,aira-aidev-full-pilot-arm-a_agent_attributed_00006,stanford-crfm/haliax,python,100_299,131,0,0,0,0,0,
agent_attributed,aira-aidev-full-pilot-arm-a_agent_attributed_00007,MontrealAI/AGI-Alpha-Agent-v0,python,100_299,102,1,0,1,0,1,exception_handling
agent_attributed,aira-aidev-full-pilot-arm-a_agent_attributed_00008,julep-ai/julep,python,100_299,151,2,1,1,0,1,exception_handling
agent_attributed,aira-aidev-full-pilot-arm-a_agent_attributed_00009,marin-community/marin,python,100_299,163,0,0,0,0,0,
agent_attributed,aira-aidev-full-pilot-arm-a_agent_attributed_00010,microsoft/magentic-ui,python,100_299,267,0,0,0,0,0,
agent_attributed,aira-aidev-full-pilot-arm-a_agent_attributed_00011,crewAIInc/crewAI,python,100_299,103,0,0,0,0,0,
agent_attributed,aira-aidev-full-pilot-arm-a_agent_attributed_00012,browser-use/browser-use,python,300_999,328,0,0,0,0,0,
agent_attributed,aira-aidev-full-pilot-arm-a_agent_attributed_00013,Significant-Gravitas/AutoGPT,python,300_999,541,0,0,0,0,0,
agent_attributed,aira-aidev-full-pilot-arm-a_agent_attributed_00014,DannyMac180/meta-agent,python,300_999,380,0,0,0,0,0,
agent_attributed,aira-aidev-full-pilot-arm-a_agent_attributed_00015,DannyMac180/meta-agent,python,100_299,232,0,0,0,0,0,
agent_attributed,aira-aidev-full-pilot-arm-a_agent_attributed_00016,numbagg/numbagg,python,300_999,545,0,0,0,0,0,
agent_attributed,aira-aidev-full-pilot-arm-a_agent_attributed_00017,crewAIInc/crewAI,python,100_299,105,0,0,0,0,0,
agent_attributed,aira-aidev-full-pilot-arm-a_agent_attributed_00018,skypilot-org/skypilot,python,100_299,158,0,0,0,0,0,
agent_attributed,aira-aidev-full-pilot-arm-a_agent_attributed_00019,static-frame/static-frame,python,300_999,767,0,0,0,0,0,
agent_attributed,aira-aidev-full-pilot-arm-a_agent_attributed_00020,OWASP/mastg,python,100_299,147,0,0,0,0,0,
agent_attributed,aira-aidev-full-pilot-arm-a_agent_attributed_00021,stanford-crfm/levanter,python,100_299,111,0,0,0,0,0,
agent_attributed,aira-aidev-full-pilot-arm-a_agent_attributed_00022,goat-sdk/goat,python,100_299,181,0,0,0,0,0,
agent_attributed,aira-aidev-full-pilot-arm-a_agent_attributed_00023,NewFuture/DDNS,python,100_299,129,0,0,0,0,0,
agent_attributed,aira-aidev-full-pilot-arm-a_agent_attributed_00024,digitaldemocracy2030/kouchou-ai,python,100_299,283,0,0,0,0,0,
agent_attributed,aira-aidev-full-pilot-arm-a_agent_attributed_00025,crewAIInc/crewAI-tools,python,100_299,147,0,0,0,0,0,
agent_attributed,aira-aidev-full-pilot-arm-a_agent_attributed_00026,DannyMac180/meta-agent,python,100_299,149,2,1,1,0,2,"environment_safety,return_contracts"
agent_attributed,aira-aidev-full-pilot-arm-a_agent_attributed_00027,getsentry/sentry,python,100_299,126,0,0,0,0,0,
agent_attributed,aira-aidev-full-pilot-arm-a_agent_attributed_00028,jialeicui/open-lx01,python,100_299,228,0,0,0,0,0,
agent_attributed,aira-aidev-full-pilot-arm-a_agent_attributed_00029,ohcnetwork/care,python,100_299,298,0,0,0,0,0,
agent_attributed,aira-aidev-full-pilot-arm-a_agent_attributed_00030,mrwadams/stride-gpt,python,100_299,107,0,0,0,0,0,
agent_attributed,aira-aidev-full-pilot-arm-a_agent_attributed_00031,PromtEngineer/localGPT,python,100_299,103,0,0,0,0,0,
agent_attributed,aira-aidev-full-pilot-arm-a_agent_attributed_00032,PromtEngineer/localGPT,python,100_299,175,7,1,6,0,1,exception_handling
agent_attributed,aira-aidev-full-pilot-arm-a_agent_attributed_00033,crewAIInc/crewAI,python,100_299,116,0,0,0,0,0,
agent_attributed,aira-aidev-full-pilot-arm-a_agent_attributed_00034,crewAIInc/crewAI,python,100_299,116,0,0,0,0,0,
agent_attributed,aira-aidev-full-pilot-arm-a_agent_attributed_00035,BeehiveInnovations/zen-mcp-server,python,300_999,633,0,0,0,0,0,
agent_attributed,aira-aidev-full-pilot-arm-a_agent_attributed_00036,DannyMac180/meta-agent,python,100_299,275,0,0,0,0,0,
agent_attributed,aira-aidev-full-pilot-arm-a_agent_attributed_00037,ag2ai/ag2,python,100_299,121,2,1,1,0,2,"environment_safety,exception_handling"
agent_attributed,aira-aidev-full-pilot-arm-a_agent_attributed_00038,port-labs/ocean,python,100_299,238,2,2,0,0,1,exception_handling
agent_attributed,aira-aidev-full-pilot-arm-a_agent_attributed_00039,crewAIInc/crewAI,python,300_999,431,1,0,1,0,1,exception_handling
agent_attributed,aira-aidev-full-pilot-arm-a_agent_attributed_00040,AgentOps-AI/agentops,python,100_299,290,1,0,1,0,1,exception_handling
agent_attributed,aira-aidev-full-pilot-arm-a_agent_attributed_00041,disler/single-file-agents,python,100_299,182,1,1,0,0,1,exception_handling
agent_attributed,aira-aidev-full-pilot-arm-a_agent_attributed_00042,NewFuture/DDNS,python,100_299,142,0,0,0,0,0,
agent_attributed,aira-aidev-full-pilot-arm-a_agent_attributed_00043,NewFuture/DDNS,python,100_299,125,0,0,0,0,0,
agent_attributed,aira-aidev-full-pilot-arm-a_agent_attributed_00044,marin-community/marin,python,100_299,109,0,0,0,0,0,
agent_attributed,aira-aidev-full-pilot-arm-a_agent_attributed_00045,cartography-cncf/cartography,python,100_299,161,0,0,0,0,0,
agent_attributed,aira-aidev-full-pilot-arm-a_agent_attributed_00046,crewAIInc/crewAI,python,100_299,170,0,0,0,0,0,
agent_attributed,aira-aidev-full-pilot-arm-a_agent_attributed_00047,digitaldemocracy2030/kouchou-ai,python,100_299,157,0,0,0,0,0,
agent_attributed,aira-aidev-full-pilot-arm-a_agent_attributed_00048,Significant-Gravitas/AutoGPT,python,300_999,778,0,0,0,0,0,
agent_attributed,aira-aidev-full-pilot-arm-a_agent_attributed_00049,crewAIInc/crewAI,python,300_999,368,5,0,5,0,2,"background_tasks,exception_handling"
agent_attributed,aira-aidev-full-pilot-arm-a_agent_attributed_00050,crewAIInc/crewAI,python,100_299,243,0,0,0,0,0,
agent_attributed,aira-aidev-full-pilot-arm-a_agent_attributed_00051,ag2ai/ag2,python,100_299,122,0,0,0,0,0,
agent_attributed,aira-aidev-full-pilot-arm-a_agent_attributed_00052,test-zeus-ai/testzeus-hercules,python,100_299,122,2,1,1,0,1,exception_handling
agent_attributed,aira-aidev-full-pilot-arm-a_agent_attributed_00053,crewAIInc/crewAI,python,100_299,153,0,0,0,0,0,
agent_attributed,aira-aidev-full-pilot-arm-a_agent_attributed_00054,567-labs/instructor,python,100_299,165,0,0,0,0,0,
agent_attributed,aira-aidev-full-pilot-arm-a_agent_attributed_00055,microsoft/magentic-ui,python,100_299,128,0,0,0,0,0,
agent_attributed,aira-aidev-full-pilot-arm-a_agent_attributed_00056,getsentry/sentry,python,100_299,168,0,0,0,0,0,
agent_attributed,aira-aidev-full-pilot-arm-a_agent_attributed_00057,Significant-Gravitas/AutoGPT,python,300_999,714,0,0,0,0,0,
agent_attributed,aira-aidev-full-pilot-arm-a_agent_attributed_00058,microsoft/autogen,python,300_999,335,0,0,0,0,0,
agent_attributed,aira-aidev-full-pilot-arm-a_agent_attributed_00059,crewAIInc/crewAI,python,100_299,113,3,3,0,0,2,"environment_safety,exception_handling"
agent_attributed,aira-aidev-full-pilot-arm-a_agent_attributed_00060,sobester/ADRpy,python,100_299,228,0,0,0,0,0,
agent_attributed,aira-aidev-full-pilot-arm-a_agent_attributed_00061,sobester/ADRpy,python,100_299,235,0,0,0,0,0,
agent_attributed,aira-aidev-full-pilot-arm-a_agent_attributed_00062,cartography-cncf/cartography,python,100_299,165,0,0,0,0,0,
agent_attributed,aira-aidev-full-pilot-arm-a_agent_attributed_00063,crewAIInc/crewAI,python,300_999,323,0,0,0,0,0,
agent_attributed,aira-aidev-full-pilot-arm-a_agent_attributed_00064,crewAIInc/crewAI,python,100_299,132,0,0,0,0,0,
agent_attributed,aira-aidev-full-pilot-arm-a_agent_attributed_00065,stair-lab/kg-gen,python,100_299,135,1,0,1,0,1,confidence_representation
agent_attributed,aira-aidev-full-pilot-arm-a_agent_attributed_00066,MontrealAI/AGI-Alpha-Agent-v0,python,100_299,113,0,0,0,0,0,
agent_attributed,aira-aidev-full-pilot-arm-a_agent_attributed_00067,featureform/enrichmcp,python,300_999,542,0,0,0,0,0,
agent_attributed,aira-aidev-full-pilot-arm-a_agent_attributed_00068,MontrealAI/AGI-Alpha-Agent-v0,python,100_299,177,0,0,0,0,0,
agent_attributed,aira-aidev-full-pilot-arm-a_agent_attributed_00069,mlflow/mlflow,python,100_299,166,0,0,0,0,0,
agent_attributed,aira-aidev-full-pilot-arm-a_agent_attributed_00070,mlflow/mlflow,python,100_299,225,0,0,0,0,0,
agent_attributed,aira-aidev-full-pilot-arm-a_agent_attributed_00071,AgentOps-AI/agentops,python,300_999,306,0,0,0,0,0,
agent_attributed,aira-aidev-full-pilot-arm-a_agent_attributed_00072,zenml-io/zenml-projects,python,100_299,223,0,0,0,0,0,
agent_attributed,aira-aidev-full-pilot-arm-a_agent_attributed_00073,567-labs/instructor,python,100_299,131,0,0,0,0,0,
agent_attributed,aira-aidev-full-pilot-arm-a_agent_attributed_00074,getsentry/sentry,python,100_299,242,0,0,0,0,0,
agent_attributed,aira-aidev-full-pilot-arm-a_agent_attributed_00075,Significant-Gravitas/AutoGPT,python,100_299,259,0,0,0,0,0,
agent_attributed,aira-aidev-full-pilot-arm-a_agent_attributed_00076,Significant-Gravitas/AutoGPT,python,300_999,485,0,0,0,0,0,
agent_attributed,aira-aidev-full-pilot-arm-a_agent_attributed_00077,crewAIInc/crewAI,python,100_299,111,0,0,0,0,0,
agent_attributed,aira-aidev-full-pilot-arm-a_agent_attributed_00078,digitaldemocracy2030/kouchou-ai,python,100_299,138,0,0,0,0,0,
agent_attributed,aira-aidev-full-pilot-arm-a_agent_attributed_00079,microsoft/fabric-cicd,python,100_299,273,0,0,0,0,0,
agent_attributed,aira-aidev-full-pilot-arm-a_agent_attributed_00080,graphistry/pygraphistry,python,100_299,127,0,0,0,0,0,
agent_attributed,aira-aidev-full-pilot-arm-a_agent_attributed_00081,Significant-Gravitas/AutoGPT,python,100_299,164,0,0,0,0,0,
agent_attributed,aira-aidev-full-pilot-arm-a_agent_attributed_00082,browser-use/browser-use,python,300_999,372,0,0,0,0,0,
agent_attributed,aira-aidev-full-pilot-arm-a_agent_attributed_00083,NewFuture/DDNS,python,100_299,110,0,0,0,0,0,
agent_attributed,aira-aidev-full-pilot-arm-a_agent_attributed_00084,NewFuture/DDNS,python,100_299,106,0,0,0,0,0,
agent_attributed,aira-aidev-full-pilot-arm-a_agent_attributed_00085,NewFuture/DDNS,python,100_299,159,0,0,0,0,0,
agent_attributed,aira-aidev-full-pilot-arm-a_agent_attributed_00086,mlflow/mlflow,python,100_299,164,0,0,0,0,0,
agent_attributed,aira-aidev-full-pilot-arm-a_agent_attributed_00087,typedef-ai/fenic,python,100_299,126,0,0,0,0,0,
agent_attributed,aira-aidev-full-pilot-arm-a_agent_attributed_00088,ag2ai/ag2,python,100_299,199,0,0,0,0,0,
agent_attributed,aira-aidev-full-pilot-arm-a_agent_attributed_00089,ag2ai/ag2,python,100_299,136,0,0,0,0,0,
agent_attributed,aira-aidev-full-pilot-arm-a_agent_attributed_00090,ag2ai/ag2,python,100_299,211,2,0,2,0,2,"exception_handling,return_contracts"
agent_attributed,aira-aidev-full-pilot-arm-a_agent_attributed_00091,ag2ai/ag2,python,100_299,174,0,0,0,0,0,
agent_attributed,aira-aidev-full-pilot-arm-a_agent_attributed_00092,ag2ai/ag2,python,100_299,176,0,0,0,0,0,
agent_attributed,aira-aidev-full-pilot-arm-a_agent_attributed_00093,AgentOps-AI/agentops,python,100_299,205,0,0,0,0,0,
agent_attributed,aira-aidev-full-pilot-arm-a_agent_attributed_00094,getsentry/sentry,python,100_299,191,0,0,0,0,0,
agent_attributed,aira-aidev-full-pilot-arm-a_agent_attributed_00095,cartography-cncf/cartography,python,100_299,104,0,0,0,0,0,
agent_attributed,aira-aidev-full-pilot-arm-a_agent_attributed_00096,OEvortex/Webscout,python,100_299,122,0,0,0,0,0,
agent_attributed,aira-aidev-full-pilot-arm-a_agent_attributed_00097,bentoml/BentoML,python,300_999,588,0,0,0,0,0,
agent_attributed,aira-aidev-full-pilot-arm-a_agent_attributed_00098,bentoml/BentoML,python,100_299,176,0,0,0,0,0,
agent_attributed,aira-aidev-full-pilot-arm-a_agent_attributed_00099,bentoml/BentoML,python,100_299,242,0,0,0,0,0,
agent_attributed,aira-aidev-full-pilot-arm-a_agent_attributed_00100,BerriAI/litellm,python,100_299,183,0,0,0,0,0,
agent_attributed,aira-aidev-full-pilot-arm-a_agent_attributed_00101,prebid/Prebid.js,javascript,100_299,121,0,0,0,0,0,
agent_attributed,aira-aidev-full-pilot-arm-a_agent_attributed_00102,navidrome/navidrome,javascript,100_299,131,0,0,0,0,0,
agent_attributed,aira-aidev-full-pilot-arm-a_agent_attributed_00103,prebid/Prebid.js,javascript,100_299,153,0,0,0,0,0,
agent_attributed,aira-aidev-full-pilot-arm-a_agent_attributed_00104,prebid/Prebid.js,javascript,100_299,133,0,0,0,0,0,
agent_attributed,aira-aidev-full-pilot-arm-a_agent_attributed_00105,microsoft/graphitation,javascript,100_299,233,4,0,4,0,1,confidence_representation
agent_attributed,aira-aidev-full-pilot-arm-a_agent_attributed_00106,microsoft/graphitation,javascript,100_299,233,4,0,4,0,1,confidence_representation
agent_attributed,aira-aidev-full-pilot-arm-a_agent_attributed_00107,mebjas/html5-qrcode,javascript,100_299,112,1,0,1,0,1,exception_handling
agent_attributed,aira-aidev-full-pilot-arm-a_agent_attributed_00108,prebid/Prebid.js,javascript,300_999,661,0,0,0,0,0,
agent_attributed,aira-aidev-full-pilot-arm-a_agent_attributed_00109,prebid/Prebid.js,javascript,100_299,167,0,0,0,0,0,
agent_attributed,aira-aidev-full-pilot-arm-a_agent_attributed_00110,rcourtman/Pulse,javascript,100_299,148,0,0,0,0,0,
agent_attributed,aira-aidev-full-pilot-arm-a_agent_attributed_00111,CEPT-VZG/digipin,javascript,300_999,346,1,0,1,0,1,confidence_representation
agent_attributed,aira-aidev-full-pilot-arm-a_agent_attributed_00112,prebid/Prebid.js,javascript,300_999,418,2,0,2,0,2,"background_tasks,exception_handling"
agent_attributed,aira-aidev-full-pilot-arm-a_agent_attributed_00113,prebid/Prebid.js,javascript,300_999,441,2,2,0,0,1,environment_safety
agent_attributed,aira-aidev-full-pilot-arm-a_agent_attributed_00114,microsoft/vscode-mssql,javascript,100_299,131,2,1,1,0,2,"exception_handling,success_integrity"
agent_attributed,aira-aidev-full-pilot-arm-a_agent_attributed_00115,prebid/Prebid.js,javascript,100_299,167,1,0,1,0,1,exception_handling
agent_attributed,aira-aidev-full-pilot-arm-a_agent_attributed_00116,prebid/Prebid.js,javascript,100_299,108,1,0,1,0,1,exception_handling
agent_attributed,aira-aidev-full-pilot-arm-a_agent_attributed_00117,goodjoblife/GoodJobShare,javascript,100_299,118,2,0,2,0,1,exception_handling
agent_attributed,aira-aidev-full-pilot-arm-a_agent_attributed_00118,prebid/Prebid.js,javascript,100_299,121,0,0,0,0,0,
agent_attributed,aira-aidev-full-pilot-arm-a_agent_attributed_00119,eyaltoledano/claude-task-master,javascript,100_299,118,1,0,1,0,1,exception_handling
agent_attributed,aira-aidev-full-pilot-arm-a_agent_attributed_00120,prebid/Prebid.js,javascript,100_299,122,0,0,0,0,0,
agent_attributed,aira-aidev-full-pilot-arm-a_agent_attributed_00121,MontrealAI/AGI-Alpha-Agent-v0,javascript,100_299,114,2,1,1,0,2,"background_tasks,exception_handling"
agent_attributed,aira-aidev-full-pilot-arm-a_agent_attributed_00122,RyanSusana/elepy,javascript,100_299,118,0,0,0,0,0,
agent_attributed,aira-aidev-full-pilot-arm-a_agent_attributed_00123,prebid/Prebid.js,javascript,300_999,518,0,0,0,0,0,
agent_attributed,aira-aidev-full-pilot-arm-a_agent_attributed_00124,prebid/Prebid.js,javascript,100_299,182,3,0,1,2,2,"exception_handling,fallback_control"
agent_attributed,aira-aidev-full-pilot-arm-a_agent_attributed_00125,prebid/Prebid.js,javascript,300_999,366,0,0,0,0,0,
agent_attributed,aira-aidev-full-pilot-arm-a_agent_attributed_00126,eyaltoledano/claude-task-master,javascript,100_299,192,0,0,0,0,0,
agent_attributed,aira-aidev-full-pilot-arm-a_agent_attributed_00127,OHIF/Viewers,javascript,300_999,316,1,1,0,0,1,environment_safety
agent_attributed,aira-aidev-full-pilot-arm-a_agent_attributed_00128,Deepractice/PromptX,javascript,100_299,290,1,0,1,0,1,confidence_representation
agent_attributed,aira-aidev-full-pilot-arm-a_agent_attributed_00129,Rello/analytics,javascript,100_299,100,0,0,0,0,0,
agent_attributed,aira-aidev-full-pilot-arm-a_agent_attributed_00130,prebid/Prebid.js,javascript,100_299,122,0,0,0,0,0,
agent_attributed,aira-aidev-full-pilot-arm-a_agent_attributed_00131,prebid/Prebid.js,javascript,100_299,171,0,0,0,0,0,
agent_attributed,aira-aidev-full-pilot-arm-a_agent_attributed_00132,prebid/Prebid.js,javascript,300_999,480,0,0,0,0,0,
agent_attributed,aira-aidev-full-pilot-arm-a_agent_attributed_00133,OpenFIGI/api-examples,javascript,100_299,107,2,0,2,0,1,exception_handling
agent_attributed,aira-aidev-full-pilot-arm-a_agent_attributed_00134,unbug/codelf,javascript,100_299,237,4,2,1,1,2,"exception_handling,fallback_control"
agent_attributed,aira-aidev-full-pilot-arm-a_agent_attributed_00135,prebid/Prebid.js,javascript,100_299,131,0,0,0,0,0,
agent_attributed,aira-aidev-full-pilot-arm-a_agent_attributed_00136,Deepractice/PromptX,javascript,100_299,186,0,0,0,0,0,
agent_attributed,aira-aidev-full-pilot-arm-a_agent_attributed_00137,prebid/Prebid.js,javascript,100_299,113,0,0,0,0,0,
agent_attributed,aira-aidev-full-pilot-arm-a_agent_attributed_00138,prebid/Prebid.js,javascript,100_299,182,3,0,1,2,2,"exception_handling,fallback_control"
agent_attributed,aira-aidev-full-pilot-arm-a_agent_attributed_00139,prebid/Prebid.js,javascript,100_299,100,0,0,0,0,0,
agent_attributed,aira-aidev-full-pilot-arm-a_agent_attributed_00140,prebid/Prebid.js,javascript,100_299,149,0,0,0,0,0,
agent_attributed,aira-aidev-full-pilot-arm-a_agent_attributed_00141,prebid/Prebid.js,javascript,100_299,121,0,0,0,0,0,
agent_attributed,aira-aidev-full-pilot-arm-a_agent_attributed_00142,EduMIPS64/edumips64,javascript,100_299,191,0,0,0,0,0,
agent_attributed,aira-aidev-full-pilot-arm-a_agent_attributed_00143,EduMIPS64/edumips64,javascript,100_299,191,0,0,0,0,0,
agent_attributed,aira-aidev-full-pilot-arm-a_agent_attributed_00144,prebid/Prebid.js,javascript,100_299,229,0,0,0,0,0,
agent_attributed,aira-aidev-full-pilot-arm-a_agent_attributed_00145,siteboon/claudecodeui,javascript,300_999,962,13,7,5,1,2,"exception_handling,fallback_control"
agent_attributed,aira-aidev-full-pilot-arm-a_agent_attributed_00146,prebid/Prebid.js,javascript,100_299,229,0,0,0,0,0,
agent_attributed,aira-aidev-full-pilot-arm-a_agent_attributed_00147,prebid/Prebid.js,javascript,100_299,108,1,0,1,0,1,exception_handling
agent_attributed,aira-aidev-full-pilot-arm-a_agent_attributed_00148,robinp7720/Oblecto,javascript,100_299,164,0,0,0,0,0,
agent_attributed,aira-aidev-full-pilot-arm-a_agent_attributed_00149,prebid/Prebid.js,javascript,300_999,661,0,0,0,0,0,
agent_attributed,aira-aidev-full-pilot-arm-a_agent_attributed_00150,prebid/Prebid.js,javascript,100_299,122,0,0,0,0,0,
agent_attributed,aira-aidev-full-pilot-arm-a_agent_attributed_00151,Agoric/agoric-sdk,javascript,100_299,142,1,1,0,0,1,exception_handling
agent_attributed,aira-aidev-full-pilot-arm-a_agent_attributed_00152,Rello/audioplayer,javascript,100_299,183,1,0,1,0,1,confidence_representation
agent_attributed,aira-aidev-full-pilot-arm-a_agent_attributed_00153,CEPT-VZG/digipin,javascript,100_299,265,4,0,4,0,1,exception_handling
agent_attributed,aira-aidev-full-pilot-arm-a_agent_attributed_00154,CEPT-VZG/digipin,javascript,300_999,331,0,0,0,0,0,
agent_attributed,aira-aidev-full-pilot-arm-a_agent_attributed_00155,Alfresco/alfresco-ng2-components,javascript,100_299,244,0,0,0,0,0,
agent_attributed,aira-aidev-full-pilot-arm-a_agent_attributed_00156,prebid/Prebid.js,javascript,300_999,480,0,0,0,0,0,
agent_attributed,aira-aidev-full-pilot-arm-a_agent_attributed_00157,Deepractice/PromptX,javascript,100_299,111,2,0,2,0,1,exception_handling
agent_attributed,aira-aidev-full-pilot-arm-a_agent_attributed_00158,prebid/Prebid.js,javascript,100_299,182,3,0,1,2,2,"exception_handling,fallback_control"
agent_attributed,aira-aidev-full-pilot-arm-a_agent_attributed_00159,Alfresco/alfresco-ng2-components,javascript,100_299,238,0,0,0,0,0,
agent_attributed,aira-aidev-full-pilot-arm-a_agent_attributed_00160,prebid/Prebid.js,javascript,100_299,133,0,0,0,0,0,
agent_attributed,aira-aidev-full-pilot-arm-a_agent_attributed_00161,ruvnet/claude-flow,javascript,300_999,871,4,2,1,1,2,"exception_handling,fallback_control"
agent_attributed,aira-aidev-full-pilot-arm-a_agent_attributed_00162,prebid/Prebid.js,javascript,100_299,113,0,0,0,0,0,
agent_attributed,aira-aidev-full-pilot-arm-a_agent_attributed_00163,microsoft/ApplicationInsights-JS,javascript,100_299,162,2,2,0,0,1,exception_handling
agent_attributed,aira-aidev-full-pilot-arm-a_agent_attributed_00164,microsoft/genaiscript,javascript,100_299,215,0,0,0,0,0,
agent_attributed,aira-aidev-full-pilot-arm-a_agent_attributed_00165,prebid/Prebid.js,javascript,300_999,740,3,0,2,1,2,"exception_handling,fallback_control"
agent_attributed,aira-aidev-full-pilot-arm-a_agent_attributed_00166,prebid/Prebid.js,javascript,100_299,110,0,0,0,0,0,
agent_attributed,aira-aidev-full-pilot-arm-a_agent_attributed_00167,CarGuo/GSYGithubAPP,javascript,100_299,124,0,0,0,0,0,
agent_attributed,aira-aidev-full-pilot-arm-a_agent_attributed_00168,prebid/Prebid.js,javascript,100_299,138,0,0,0,0,0,
agent_attributed,aira-aidev-full-pilot-arm-a_agent_attributed_00169,prebid/Prebid.js,javascript,100_299,229,0,0,0,0,0,
agent_attributed,aira-aidev-full-pilot-arm-a_agent_attributed_00170,prebid/Prebid.js,javascript,100_299,229,0,0,0,0,0,
agent_attributed,aira-aidev-full-pilot-arm-a_agent_attributed_00171,prebid/Prebid.js,javascript,100_299,171,0,0,0,0,0,
agent_attributed,aira-aidev-full-pilot-arm-a_agent_attributed_00172,prebid/Prebid.js,javascript,100_299,127,0,0,0,0,0,
agent_attributed,aira-aidev-full-pilot-arm-a_agent_attributed_00173,Codehagen/Badget,javascript,100_299,112,0,0,0,0,0,
agent_attributed,aira-aidev-full-pilot-arm-a_agent_attributed_00174,CEPT-VZG/digipin,javascript,100_299,154,0,0,0,0,0,
agent_attributed,aira-aidev-full-pilot-arm-a_agent_attributed_00175,microsoft/vscode,javascript,300_999,336,4,0,4,0,2,"background_tasks,exception_handling"
agent_attributed,aira-aidev-full-pilot-arm-a_agent_attributed_00176,microsoft/react-native-windows,javascript,1000_plus,1222,0,0,0,0,0,
agent_attributed,aira-aidev-full-pilot-arm-a_agent_attributed_00177,CEPT-VZG/digipin,javascript,100_299,256,10,1,9,0,3,"confidence_representation,exception_handling,startup_integrity"
agent_attributed,aira-aidev-full-pilot-arm-a_agent_attributed_00178,prebid/Prebid.js,javascript,100_299,110,0,0,0,0,0,
agent_attributed,aira-aidev-full-pilot-arm-a_agent_attributed_00179,microsoft/TypeScript,javascript,100_299,140,6,0,6,0,1,exception_handling
agent_attributed,aira-aidev-full-pilot-arm-a_agent_attributed_00180,prebid/Prebid.js,javascript,100_299,171,0,0,0,0,0,
agent_attributed,aira-aidev-full-pilot-arm-a_agent_attributed_00181,Rello/analytics,javascript,100_299,155,2,1,1,0,2,"background_tasks,exception_handling"
agent_attributed,aira-aidev-full-pilot-arm-a_agent_attributed_00182,prebid/Prebid.js,javascript,100_299,133,0,0,0,0,0,
agent_attributed,aira-aidev-full-pilot-arm-a_agent_attributed_00183,prebid/Prebid.js,javascript,100_299,243,0,0,0,0,0,
agent_attributed,aira-aidev-full-pilot-arm-a_agent_attributed_00184,artprima/prometheus-metrics-bundle,javascript,100_299,254,11,9,2,0,2,"background_tasks,exception_handling"
agent_attributed,aira-aidev-full-pilot-arm-a_agent_attributed_00185,artprima/prometheus-metrics-bundle,javascript,100_299,220,10,9,1,0,2,"environment_safety,exception_handling"
agent_attributed,aira-aidev-full-pilot-arm-a_agent_attributed_00186,artprima/prometheus-metrics-bundle,javascript,100_299,216,8,7,1,0,2,"exception_handling,idempotency_safety"
agent_attributed,aira-aidev-full-pilot-arm-a_agent_attributed_00187,prebid/Prebid.js,javascript,100_299,171,0,0,0,0,0,
agent_attributed,aira-aidev-full-pilot-arm-a_agent_attributed_00188,zwave-js/zwave-js,javascript,300_999,755,0,0,0,0,0,
agent_attributed,aira-aidev-full-pilot-arm-a_agent_attributed_00189,ruvnet/claude-flow,javascript,100_299,120,5,0,2,3,3,"background_tasks,exception_handling,fallback_control"
agent_attributed,aira-aidev-full-pilot-arm-a_agent_attributed_00190,SNGWN/Mobile-PT,javascript,100_299,142,8,7,1,0,2,"confidence_representation,exception_handling"
agent_attributed,aira-aidev-full-pilot-arm-a_agent_attributed_00191,Azure-Samples/azure-ai-travel-agents,javascript,100_299,100,0,0,0,0,0,
agent_attributed,aira-aidev-full-pilot-arm-a_agent_attributed_00192,kaichen/kimicc,javascript,100_299,196,4,0,3,1,3,"exception_handling,fallback_control,return_contracts"
agent_attributed,aira-aidev-full-pilot-arm-a_agent_attributed_00193,kaichen/kimicc,javascript,100_299,118,0,0,0,0,0,
agent_attributed,aira-aidev-full-pilot-arm-a_agent_attributed_00194,prebid/Prebid.js,javascript,100_299,119,0,0,0,0,0,
agent_attributed,aira-aidev-full-pilot-arm-a_agent_attributed_00195,SoftFever/OrcaSlicer,javascript,100_299,249,2,0,2,0,2,"background_tasks,return_contracts"
agent_attributed,aira-aidev-full-pilot-arm-a_agent_attributed_00196,microsoft/genaiscript,javascript,100_299,106,1,1,0,0,1,exception_handling
agent_attributed,aira-aidev-full-pilot-arm-a_agent_attributed_00197,CEPT-VZG/digipin,javascript,100_299,249,0,0,0,0,0,
agent_attributed,aira-aidev-full-pilot-arm-a_agent_attributed_00198,prebid/Prebid.js,javascript,300_999,488,0,0,0,0,0,
agent_attributed,aira-aidev-full-pilot-arm-a_agent_attributed_00199,microsoft/vscode,javascript,100_299,179,0,0,0,0,0,
agent_attributed,aira-aidev-full-pilot-arm-a_agent_attributed_00200,tokens-studio/figma-plugin,javascript,100_299,196,0,0,0,0,0,
agent_attributed,aira-aidev-full-pilot-arm-a_agent_attributed_00201,tech-systems/panes,typescript,100_299,153,0,0,0,0,0,
agent_attributed,aira-aidev-full-pilot-arm-a_agent_attributed_00202,box/box-ui-elements,typescript,100_299,120,0,0,0,0,0,
agent_attributed,aira-aidev-full-pilot-arm-a_agent_attributed_00203,Cap-go/capgo,typescript,100_299,264,0,0,0,0,0,
agent_attributed,aira-aidev-full-pilot-arm-a_agent_attributed_00204,mochilang/mochi,typescript,100_299,145,2,0,2,0,1,return_contracts
agent_attributed,aira-aidev-full-pilot-arm-a_agent_attributed_00205,buster-so/buster,typescript,100_299,130,0,0,0,0,0,
agent_attributed,aira-aidev-full-pilot-arm-a_agent_attributed_00206,buster-so/buster,typescript,100_299,130,0,0,0,0,0,
agent_attributed,aira-aidev-full-pilot-arm-a_agent_attributed_00207,liam-hq/liam,typescript,100_299,163,0,0,0,0,0,
agent_attributed,aira-aidev-full-pilot-arm-a_agent_attributed_00208,mfts/papermark,typescript,100_299,160,4,2,1,1,2,"exception_handling,fallback_control"
agent_attributed,aira-aidev-full-pilot-arm-a_agent_attributed_00209,tegnike/aituber-kit,typescript,300_999,353,0,0,0,0,0,
agent_attributed,aira-aidev-full-pilot-arm-a_agent_attributed_00210,calcom/cal.com,typescript,100_299,144,1,0,0,1,1,fallback_control
agent_attributed,aira-aidev-full-pilot-arm-a_agent_attributed_00211,mlflow/mlflow,typescript,100_299,183,0,0,0,0,0,
agent_attributed,aira-aidev-full-pilot-arm-a_agent_attributed_00212,liam-hq/liam,typescript,300_999,401,1,0,1,0,1,background_tasks
agent_attributed,aira-aidev-full-pilot-arm-a_agent_attributed_00213,onlook-dev/onlook,typescript,100_299,134,4,2,2,0,2,"background_tasks,exception_handling"
agent_attributed,aira-aidev-full-pilot-arm-a_agent_attributed_00214,calcom/cal.com,typescript,100_299,145,0,0,0,0,0,
agent_attributed,aira-aidev-full-pilot-arm-a_agent_attributed_00215,LayerZero-Labs/devtools,typescript,300_999,480,2,0,2,0,1,exception_handling
agent_attributed,aira-aidev-full-pilot-arm-a_agent_attributed_00216,getsentry/sentry-javascript,typescript,100_299,110,0,0,0,0,0,
agent_attributed,aira-aidev-full-pilot-arm-a_agent_attributed_00217,mendableai/firecrawl,typescript,100_299,159,2,0,2,0,1,exception_handling
agent_attributed,aira-aidev-full-pilot-arm-a_agent_attributed_00218,goat-sdk/goat,typescript,100_299,278,0,0,0,0,0,
agent_attributed,aira-aidev-full-pilot-arm-a_agent_attributed_00219,prebid/Prebid.js,typescript,100_299,105,0,0,0,0,0,
agent_attributed,aira-aidev-full-pilot-arm-a_agent_attributed_00220,sam-goodwin/alchemy,typescript,100_299,147,1,0,1,0,1,exception_handling
agent_attributed,aira-aidev-full-pilot-arm-a_agent_attributed_00221,antiwork/flexile,typescript,100_299,153,0,0,0,0,0,
agent_attributed,aira-aidev-full-pilot-arm-a_agent_attributed_00222,promptfoo/promptfoo,typescript,100_299,180,0,0,0,0,0,
agent_attributed,aira-aidev-full-pilot-arm-a_agent_attributed_00223,google-gemini/gemini-cli,typescript,100_299,249,0,0,0,0,0,
agent_attributed,aira-aidev-full-pilot-arm-a_agent_attributed_00224,Shelf-nu/shelf.nu,typescript,100_299,103,0,0,0,0,0,
agent_attributed,aira-aidev-full-pilot-arm-a_agent_attributed_00225,elastic/kibana,typescript,100_299,103,0,0,0,0,0,
agent_attributed,aira-aidev-full-pilot-arm-a_agent_attributed_00226,promptfoo/promptfoo,typescript,100_299,268,0,0,0,0,0,
agent_attributed,aira-aidev-full-pilot-arm-a_agent_attributed_00227,microsoft/azure-pipelines-tasks,typescript,100_299,140,0,0,0,0,0,
agent_attributed,aira-aidev-full-pilot-arm-a_agent_attributed_00228,promptfoo/promptfoo,typescript,300_999,404,0,0,0,0,0,
agent_attributed,aira-aidev-full-pilot-arm-a_agent_attributed_00229,nodetool-ai/nodetool,typescript,100_299,102,0,0,0,0,0,
agent_attributed,aira-aidev-full-pilot-arm-a_agent_attributed_00230,liam-hq/liam,typescript,100_299,240,0,0,0,0,0,
agent_attributed,aira-aidev-full-pilot-arm-a_agent_attributed_00231,giselles-ai/giselle,typescript,100_299,133,1,0,1,0,1,return_contracts
agent_attributed,aira-aidev-full-pilot-arm-a_agent_attributed_00232,launchql/pgsql-parser,typescript,1000_plus,1791,0,0,0,0,0,
agent_attributed,aira-aidev-full-pilot-arm-a_agent_attributed_00233,microsoft/typespec,typescript,100_299,121,1,0,1,0,1,confidence_representation
agent_attributed,aira-aidev-full-pilot-arm-a_agent_attributed_00234,calcom/cal.com,typescript,100_299,116,0,0,0,0,0,
agent_attributed,aira-aidev-full-pilot-arm-a_agent_attributed_00235,jcputney/scorm-again,typescript,100_299,264,0,0,0,0,0,
agent_attributed,aira-aidev-full-pilot-arm-a_agent_attributed_00236,stack-auth/stack-auth,typescript,100_299,198,0,0,0,0,0,
agent_attributed,aira-aidev-full-pilot-arm-a_agent_attributed_00237,AgentDock/AgentDock,typescript,100_299,299,0,0,0,0,0,
agent_attributed,aira-aidev-full-pilot-arm-a_agent_attributed_00238,tokens-studio/figma-plugin,typescript,100_299,299,0,0,0,0,0,
agent_attributed,aira-aidev-full-pilot-arm-a_agent_attributed_00239,mastra-ai/mastra,typescript,100_299,148,0,0,0,0,0,
agent_attributed,aira-aidev-full-pilot-arm-a_agent_attributed_00240,promptfoo/promptfoo,typescript,100_299,105,0,0,0,0,0,
agent_attributed,aira-aidev-full-pilot-arm-a_agent_attributed_00241,onlook-dev/onlook,typescript,100_299,109,0,0,0,0,0,
agent_attributed,aira-aidev-full-pilot-arm-a_agent_attributed_00242,dcSpark/shinkai-local-ai-agents,typescript,100_299,130,0,0,0,0,0,
agent_attributed,aira-aidev-full-pilot-arm-a_agent_attributed_00243,tokens-studio/figma-plugin,typescript,100_299,126,0,0,0,0,0,
agent_attributed,aira-aidev-full-pilot-arm-a_agent_attributed_00244,sugyan/claude-code-webui,typescript,100_299,236,5,2,3,0,2,"background_tasks,exception_handling"
agent_attributed,aira-aidev-full-pilot-arm-a_agent_attributed_00245,theopenco/llmgateway,typescript,100_299,103,0,0,0,0,0,
agent_attributed,aira-aidev-full-pilot-arm-a_agent_attributed_00246,novuhq/novu,typescript,100_299,122,0,0,0,0,0,
agent_attributed,aira-aidev-full-pilot-arm-a_agent_attributed_00247,stack-auth/stack-auth,typescript,100_299,152,0,0,0,0,0,
agent_attributed,aira-aidev-full-pilot-arm-a_agent_attributed_00248,remotion-dev/remotion,typescript,100_299,147,0,0,0,0,0,
agent_attributed,aira-aidev-full-pilot-arm-a_agent_attributed_00249,buster-so/buster,typescript,300_999,426,0,0,0,0,0,
agent_attributed,aira-aidev-full-pilot-arm-a_agent_attributed_00250,buster-so/buster,typescript,300_999,426,0,0,0,0,0,
agent_attributed,aira-aidev-full-pilot-arm-a_agent_attributed_00251,digitaldemocracy2030/kouchou-ai,typescript,100_299,128,0,0,0,0,0,
agent_attributed,aira-aidev-full-pilot-arm-a_agent_attributed_00252,digitaldemocracy2030/kouchou-ai,typescript,300_999,832,4,3,1,0,1,exception_handling
agent_attributed,aira-aidev-full-pilot-arm-a_agent_attributed_00253,promptfoo/promptfoo,typescript,100_299,154,0,0,0,0,0,
agent_attributed,aira-aidev-full-pilot-arm-a_agent_attributed_00254,CEPT-VZG/digipin,typescript,300_999,351,0,0,0,0,0,
agent_attributed,aira-aidev-full-pilot-arm-a_agent_attributed_00255,calcom/cal.com,typescript,300_999,377,1,0,0,1,1,fallback_control
agent_attributed,aira-aidev-full-pilot-arm-a_agent_attributed_00256,onlook-dev/onlook,typescript,100_299,141,1,1,0,0,1,exception_handling
agent_attributed,aira-aidev-full-pilot-arm-a_agent_attributed_00257,polkadot-cloud/polkadot-staking-dashboard,typescript,300_999,369,0,0,0,0,0,
agent_attributed,aira-aidev-full-pilot-arm-a_agent_attributed_00258,stack-auth/stack-auth,typescript,100_299,115,0,0,0,0,0,
agent_attributed,aira-aidev-full-pilot-arm-a_agent_attributed_00259,microsoft/vscode,typescript,100_299,125,0,0,0,0,0,
agent_attributed,aira-aidev-full-pilot-arm-a_agent_attributed_00260,antiwork/shortest,typescript,300_999,521,9,0,9,0,2,"background_tasks,exception_handling"
agent_attributed,aira-aidev-full-pilot-arm-a_agent_attributed_00261,google-gemini/gemini-cli,typescript,100_299,114,1,0,1,0,1,return_contracts
agent_attributed,aira-aidev-full-pilot-arm-a_agent_attributed_00262,buster-so/buster,typescript,100_299,126,0,0,0,0,0,
agent_attributed,aira-aidev-full-pilot-arm-a_agent_attributed_00263,buster-so/buster,typescript,100_299,121,1,1,0,0,1,exception_handling
agent_attributed,aira-aidev-full-pilot-arm-a_agent_attributed_00264,buster-so/buster,typescript,100_299,170,1,1,0,0,1,exception_handling
agent_attributed,aira-aidev-full-pilot-arm-a_agent_attributed_00265,liam-hq/liam,typescript,100_299,101,1,0,1,0,1,confidence_representation
agent_attributed,aira-aidev-full-pilot-arm-a_agent_attributed_00266,calcom/cal.com,typescript,100_299,119,0,0,0,0,0,
agent_attributed,aira-aidev-full-pilot-arm-a_agent_attributed_00267,calcom/cal.com,typescript,100_299,192,0,0,0,0,0,
agent_attributed,aira-aidev-full-pilot-arm-a_agent_attributed_00268,calcom/cal.com,typescript,100_299,215,0,0,0,0,0,
agent_attributed,aira-aidev-full-pilot-arm-a_agent_attributed_00269,calcom/cal.com,typescript,100_299,192,0,0,0,0,0,
agent_attributed,aira-aidev-full-pilot-arm-a_agent_attributed_00270,calcom/cal.com,typescript,100_299,216,0,0,0,0,0,
agent_attributed,aira-aidev-full-pilot-arm-a_agent_attributed_00271,calcom/cal.com,typescript,100_299,113,0,0,0,0,0,
agent_attributed,aira-aidev-full-pilot-arm-a_agent_attributed_00272,shinnku-nikaidou/shinnku-com,typescript,100_299,252,0,0,0,0,0,
agent_attributed,aira-aidev-full-pilot-arm-a_agent_attributed_00273,tegnike/aituber-kit,typescript,100_299,163,0,0,0,0,0,
agent_attributed,aira-aidev-full-pilot-arm-a_agent_attributed_00274,tegnike/aituber-kit,typescript,100_299,105,0,0,0,0,0,
agent_attributed,aira-aidev-full-pilot-arm-a_agent_attributed_00275,microsoft/vscode,typescript,100_299,153,0,0,0,0,0,
agent_attributed,aira-aidev-full-pilot-arm-a_agent_attributed_00276,microsoft/ApplicationInsights-node.js,typescript,100_299,212,4,0,4,0,1,exception_handling
agent_attributed,aira-aidev-full-pilot-arm-a_agent_attributed_00277,vltpkg/vltpkg,typescript,100_299,112,0,0,0,0,0,
agent_attributed,aira-aidev-full-pilot-arm-a_agent_attributed_00278,dcSpark/shinkai-local-ai-agents,typescript,100_299,113,0,0,0,0,0,
agent_attributed,aira-aidev-full-pilot-arm-a_agent_attributed_00279,LayerZero-Labs/devtools,typescript,100_299,107,0,0,0,0,0,
agent_attributed,aira-aidev-full-pilot-arm-a_agent_attributed_00280,oven-sh/bun,typescript,300_999,316,2,0,0,2,1,fallback_control
agent_attributed,aira-aidev-full-pilot-arm-a_agent_attributed_00281,oven-sh/bun,typescript,300_999,335,6,0,1,5,2,"background_tasks,fallback_control"
agent_attributed,aira-aidev-full-pilot-arm-a_agent_attributed_00282,liam-hq/liam,typescript,100_299,130,2,1,1,0,1,exception_handling
agent_attributed,aira-aidev-full-pilot-arm-a_agent_attributed_00283,macalbert/envilder,typescript,100_299,103,2,2,0,0,1,exception_handling
agent_attributed,aira-aidev-full-pilot-arm-a_agent_attributed_00284,remotion-dev/remotion,typescript,100_299,235,1,0,1,0,1,exception_handling
agent_attributed,aira-aidev-full-pilot-arm-a_agent_attributed_00285,ComposioHQ/composio,typescript,1000_plus,1826,2,0,2,0,1,background_tasks
agent_attributed,aira-aidev-full-pilot-arm-a_agent_attributed_00286,Emurgo/yoroi,typescript,100_299,119,0,0,0,0,0,
agent_attributed,aira-aidev-full-pilot-arm-a_agent_attributed_00287,ruvnet/claude-flow,typescript,300_999,850,15,0,15,0,3,"background_tasks,confidence_representation,exception_handling"
agent_attributed,aira-aidev-full-pilot-arm-a_agent_attributed_00288,selfxyz/self,typescript,100_299,152,0,0,0,0,0,
agent_attributed,aira-aidev-full-pilot-arm-a_agent_attributed_00289,selfxyz/self,typescript,100_299,146,0,0,0,0,0,
agent_attributed,aira-aidev-full-pilot-arm-a_agent_attributed_00290,selfxyz/self,typescript,100_299,244,0,0,0,0,0,
agent_attributed,aira-aidev-full-pilot-arm-a_agent_attributed_00291,onlook-dev/onlook,typescript,100_299,214,0,0,0,0,0,
agent_attributed,aira-aidev-full-pilot-arm-a_agent_attributed_00292,calcom/cal.com,typescript,100_299,205,0,0,0,0,0,
agent_attributed,aira-aidev-full-pilot-arm-a_agent_attributed_00293,calcom/cal.com,typescript,100_299,205,0,0,0,0,0,
agent_attributed,aira-aidev-full-pilot-arm-a_agent_attributed_00294,calcom/cal.com,typescript,100_299,107,1,0,1,0,1,exception_handling
agent_attributed,aira-aidev-full-pilot-arm-a_agent_attributed_00295,NethermindEth/starknet.go,typescript,100_299,151,0,0,0,0,0,
agent_attributed,aira-aidev-full-pilot-arm-a_agent_attributed_00296,microsoft/ApplicationInsights-JS,typescript,100_299,176,0,0,0,0,0,
agent_attributed,aira-aidev-full-pilot-arm-a_agent_attributed_00297,microsoft/ApplicationInsights-JS,typescript,100_299,258,0,0,0,0,0,
agent_attributed,aira-aidev-full-pilot-arm-a_agent_attributed_00298,promptfoo/promptfoo,typescript,100_299,132,0,0,0,0,0,
agent_attributed,aira-aidev-full-pilot-arm-a_agent_attributed_00299,langfuse/langfuse,typescript,100_299,131,0,0,0,0,0,
agent_attributed,aira-aidev-full-pilot-arm-a_agent_attributed_00300,mattpocock/total-typescript-monorepo,typescript,100_299,117,0,0,0,0,0,
human_control,aira-human-control-full-pilot-rebuilt-arm-b_human_control_00001,JhumanJ/OpnForm,javascript,100_299,107,1,0,1,0,1,exception_handling
human_control,aira-human-control-full-pilot-rebuilt-arm-b_human_control_00002,JhumanJ/OpnForm,javascript,100_299,127,2,1,1,0,1,exception_handling
human_control,aira-human-control-full-pilot-rebuilt-arm-b_human_control_00003,bmadcode/BMAD-METHOD,javascript,300_999,426,4,2,2,0,2,"exception_handling,return_contracts"
human_control,aira-human-control-full-pilot-rebuilt-arm-b_human_control_00004,different-ai/note-companion,javascript,100_299,112,1,1,0,0,1,exception_handling
human_control,aira-human-control-full-pilot-rebuilt-arm-b_human_control_00005,leonardsellem/n8n-mcp-server,javascript,1000_plus,1156,8,3,3,2,3,"confidence_representation,exception_handling,fallback_control"
human_control,aira-human-control-full-pilot-rebuilt-arm-b_human_control_00006,leonardsellem/n8n-mcp-server,javascript,100_299,192,0,0,0,0,0,
human_control,aira-human-control-full-pilot-rebuilt-arm-b_human_control_00007,leonardsellem/n8n-mcp-server,javascript,100_299,107,3,2,1,0,2,"confidence_representation,exception_handling"
human_control,aira-human-control-full-pilot-rebuilt-arm-b_human_control_00008,mediar-ai/terminator,javascript,100_299,144,0,0,0,0,0,
human_control,aira-human-control-full-pilot-rebuilt-arm-b_human_control_00009,microsoft/typescript-go,javascript,100_299,273,0,0,0,0,0,
human_control,aira-human-control-full-pilot-rebuilt-arm-b_human_control_00010,microsoft/typescript-go,javascript,100_299,110,1,0,1,0,1,background_tasks
human_control,aira-human-control-full-pilot-rebuilt-arm-b_human_control_00011,microsoft/typescript-go,javascript,100_299,164,0,0,0,0,0,
human_control,aira-human-control-full-pilot-rebuilt-arm-b_human_control_00012,microsoft/typescript-go,javascript,100_299,134,0,0,0,0,0,
human_control,aira-human-control-full-pilot-rebuilt-arm-b_human_control_00013,microsoft/typescript-go,javascript,100_299,125,0,0,0,0,0,
human_control,aira-human-control-full-pilot-rebuilt-arm-b_human_control_00014,microsoft/typescript-go,javascript,100_299,239,0,0,0,0,0,
human_control,aira-human-control-full-pilot-rebuilt-arm-b_human_control_00015,microsoft/typescript-go,javascript,100_299,143,0,0,0,0,0,
human_control,aira-human-control-full-pilot-rebuilt-arm-b_human_control_00016,microsoft/typescript-go,javascript,100_299,114,0,0,0,0,0,
human_control,aira-human-control-full-pilot-rebuilt-arm-b_human_control_00017,microsoft/typescript-go,javascript,100_299,104,0,0,0,0,0,
human_control,aira-human-control-full-pilot-rebuilt-arm-b_human_control_00018,microsoft/typescript-go,javascript,100_299,122,9,0,9,0,1,return_contracts
human_control,aira-human-control-full-pilot-rebuilt-arm-b_human_control_00019,microsoft/typescript-go,javascript,100_299,100,0,0,0,0,0,
human_control,aira-human-control-full-pilot-rebuilt-arm-b_human_control_00020,microsoft/typescript-go,javascript,100_299,100,0,0,0,0,0,
human_control,aira-human-control-full-pilot-rebuilt-arm-b_human_control_00021,microsoft/typescript-go,javascript,100_299,181,0,0,0,0,0,
human_control,aira-human-control-full-pilot-rebuilt-arm-b_human_control_00022,microsoft/typescript-go,javascript,100_299,114,0,0,0,0,0,
human_control,aira-human-control-full-pilot-rebuilt-arm-b_human_control_00023,microsoft/typescript-go,javascript,100_299,116,0,0,0,0,0,
human_control,aira-human-control-full-pilot-rebuilt-arm-b_human_control_00024,microsoft/typescript-go,javascript,100_299,153,0,0,0,0,0,
human_control,aira-human-control-full-pilot-rebuilt-arm-b_human_control_00025,microsoft/typescript-go,javascript,100_299,163,0,0,0,0,0,
human_control,aira-human-control-full-pilot-rebuilt-arm-b_human_control_00026,microsoft/typescript-go,javascript,100_299,159,0,0,0,0,0,
human_control,aira-human-control-full-pilot-rebuilt-arm-b_human_control_00027,openai/codex,javascript,100_299,297,3,2,1,0,1,exception_handling
human_control,aira-human-control-full-pilot-rebuilt-arm-b_human_control_00028,openai/codex,javascript,100_299,236,2,1,1,0,1,exception_handling
human_control,aira-human-control-full-pilot-rebuilt-arm-b_human_control_00029,openai/codex,javascript,100_299,112,2,2,0,0,1,exception_handling
human_control,aira-human-control-full-pilot-rebuilt-arm-b_human_control_00030,oven-sh/bun,javascript,100_299,148,0,0,0,0,0,
human_control,aira-human-control-full-pilot-rebuilt-arm-b_human_control_00031,oven-sh/bun,javascript,300_999,709,0,0,0,0,0,
human_control,aira-human-control-full-pilot-rebuilt-arm-b_human_control_00032,oven-sh/bun,javascript,100_299,127,1,1,0,0,1,environment_safety
human_control,aira-human-control-full-pilot-rebuilt-arm-b_human_control_00033,oven-sh/bun,javascript,100_299,191,0,0,0,0,0,
human_control,aira-human-control-full-pilot-rebuilt-arm-b_human_control_00034,oven-sh/bun,javascript,100_299,125,0,0,0,0,0,
human_control,aira-human-control-full-pilot-rebuilt-arm-b_human_control_00035,oven-sh/bun,javascript,100_299,286,0,0,0,0,0,
human_control,aira-human-control-full-pilot-rebuilt-arm-b_human_control_00036,oven-sh/bun,javascript,300_999,895,0,0,0,0,0,
human_control,aira-human-control-full-pilot-rebuilt-arm-b_human_control_00037,oven-sh/bun,javascript,300_999,827,0,0,0,0,0,
human_control,aira-human-control-full-pilot-rebuilt-arm-b_human_control_00038,oven-sh/bun,javascript,100_299,241,0,0,0,0,0,
human_control,aira-human-control-full-pilot-rebuilt-arm-b_human_control_00039,oven-sh/bun,javascript,100_299,100,0,0,0,0,0,
human_control,aira-human-control-full-pilot-rebuilt-arm-b_human_control_00040,oven-sh/bun,javascript,300_999,550,1,0,1,0,1,exception_handling
human_control,aira-human-control-full-pilot-rebuilt-arm-b_human_control_00041,oven-sh/bun,javascript,300_999,446,0,0,0,0,0,
human_control,aira-human-control-full-pilot-rebuilt-arm-b_human_control_00042,oven-sh/bun,javascript,100_299,231,3,0,3,0,1,background_tasks
human_control,aira-human-control-full-pilot-rebuilt-arm-b_human_control_00043,oven-sh/bun,javascript,100_299,194,3,0,3,0,1,background_tasks
human_control,aira-human-control-full-pilot-rebuilt-arm-b_human_control_00044,oven-sh/bun,javascript,100_299,211,8,0,8,0,1,background_tasks
human_control,aira-human-control-full-pilot-rebuilt-arm-b_human_control_00045,oven-sh/bun,javascript,100_299,174,5,0,5,0,1,background_tasks
human_control,aira-human-control-full-pilot-rebuilt-arm-b_human_control_00046,oven-sh/bun,javascript,100_299,241,3,0,3,0,1,background_tasks
human_control,aira-human-control-full-pilot-rebuilt-arm-b_human_control_00047,oven-sh/bun,javascript,100_299,146,0,0,0,0,0,
human_control,aira-human-control-full-pilot-rebuilt-arm-b_human_control_00048,oven-sh/bun,javascript,300_999,311,5,0,5,0,2,"background_tasks,confidence_representation"
human_control,aira-human-control-full-pilot-rebuilt-arm-b_human_control_00049,oven-sh/bun,javascript,100_299,132,0,0,0,0,0,
human_control,aira-human-control-full-pilot-rebuilt-arm-b_human_control_00050,oven-sh/bun,javascript,100_299,215,4,0,4,0,2,"background_tasks,exception_handling"
human_control,aira-human-control-full-pilot-rebuilt-arm-b_human_control_00051,oven-sh/bun,javascript,100_299,123,0,0,0,0,0,
human_control,aira-human-control-full-pilot-rebuilt-arm-b_human_control_00052,oven-sh/bun,javascript,100_299,129,2,1,1,0,2,"background_tasks,exception_handling"
human_control,aira-human-control-full-pilot-rebuilt-arm-b_human_control_00053,oven-sh/bun,javascript,100_299,146,0,0,0,0,0,
human_control,aira-human-control-full-pilot-rebuilt-arm-b_human_control_00054,oven-sh/bun,javascript,100_299,102,0,0,0,0,0,
human_control,aira-human-control-full-pilot-rebuilt-arm-b_human_control_00055,oven-sh/bun,javascript,100_299,115,0,0,0,0,0,
human_control,aira-human-control-full-pilot-rebuilt-arm-b_human_control_00056,oven-sh/bun,javascript,100_299,122,0,0,0,0,0,
human_control,aira-human-control-full-pilot-rebuilt-arm-b_human_control_00057,oven-sh/bun,javascript,100_299,127,0,0,0,0,0,
human_control,aira-human-control-full-pilot-rebuilt-arm-b_human_control_00058,oven-sh/bun,javascript,100_299,196,0,0,0,0,0,
human_control,aira-human-control-full-pilot-rebuilt-arm-b_human_control_00059,oven-sh/bun,javascript,100_299,216,0,0,0,0,0,
human_control,aira-human-control-full-pilot-rebuilt-arm-b_human_control_00060,oven-sh/bun,javascript,100_299,162,1,0,1,0,1,exception_handling
human_control,aira-human-control-full-pilot-rebuilt-arm-b_human_control_00061,oven-sh/bun,javascript,300_999,643,0,0,0,0,0,
human_control,aira-human-control-full-pilot-rebuilt-arm-b_human_control_00062,oven-sh/bun,javascript,100_299,135,0,0,0,0,0,
human_control,aira-human-control-full-pilot-rebuilt-arm-b_human_control_00063,oven-sh/bun,javascript,100_299,284,0,0,0,0,0,
human_control,aira-human-control-full-pilot-rebuilt-arm-b_human_control_00064,prebid/Prebid.js,javascript,100_299,101,0,0,0,0,0,
human_control,aira-human-control-full-pilot-rebuilt-arm-b_human_control_00065,prebid/Prebid.js,javascript,300_999,315,0,0,0,0,0,
human_control,aira-human-control-full-pilot-rebuilt-arm-b_human_control_00066,prebid/Prebid.js,javascript,100_299,291,2,0,2,0,2,"exception_handling,return_contracts"
human_control,aira-human-control-full-pilot-rebuilt-arm-b_human_control_00067,prebid/Prebid.js,javascript,300_999,458,1,0,0,1,1,fallback_control
human_control,aira-human-control-full-pilot-rebuilt-arm-b_human_control_00068,prebid/Prebid.js,javascript,100_299,147,0,0,0,0,0,
human_control,aira-human-control-full-pilot-rebuilt-arm-b_human_control_00069,prebid/Prebid.js,javascript,100_299,123,0,0,0,0,0,
human_control,aira-human-control-full-pilot-rebuilt-arm-b_human_control_00070,prebid/Prebid.js,javascript,100_299,106,0,0,0,0,0,
human_control,aira-human-control-full-pilot-rebuilt-arm-b_human_control_00071,prebid/Prebid.js,javascript,100_299,111,0,0,0,0,0,
human_control,aira-human-control-full-pilot-rebuilt-arm-b_human_control_00072,prebid/Prebid.js,javascript,100_299,248,0,0,0,0,0,
human_control,aira-human-control-full-pilot-rebuilt-arm-b_human_control_00073,prebid/Prebid.js,javascript,100_299,105,0,0,0,0,0,
human_control,aira-human-control-full-pilot-rebuilt-arm-b_human_control_00074,prebid/Prebid.js,javascript,300_999,531,2,0,2,0,1,background_tasks
human_control,aira-human-control-full-pilot-rebuilt-arm-b_human_control_00075,prebid/Prebid.js,javascript,100_299,130,0,0,0,0,0,
human_control,aira-human-control-full-pilot-rebuilt-arm-b_human_control_00076,prebid/Prebid.js,javascript,100_299,197,0,0,0,0,0,
human_control,aira-human-control-full-pilot-rebuilt-arm-b_human_control_00077,prebid/Prebid.js,javascript,100_299,109,0,0,0,0,0,
human_control,aira-human-control-full-pilot-rebuilt-arm-b_human_control_00078,prebid/Prebid.js,javascript,100_299,244,4,0,3,1,2,"exception_handling,fallback_control"
human_control,aira-human-control-full-pilot-rebuilt-arm-b_human_control_00079,prebid/Prebid.js,javascript,300_999,350,7,0,0,7,1,fallback_control
human_control,aira-human-control-full-pilot-rebuilt-arm-b_human_control_00080,prebid/Prebid.js,javascript,100_299,122,0,0,0,0,0,
human_control,aira-human-control-full-pilot-rebuilt-arm-b_human_control_00081,prebid/Prebid.js,javascript,100_299,149,0,0,0,0,0,
human_control,aira-human-control-full-pilot-rebuilt-arm-b_human_control_00082,prebid/Prebid.js,javascript,100_299,161,5,0,5,0,2,"exception_handling,return_contracts"
human_control,aira-human-control-full-pilot-rebuilt-arm-b_human_control_00083,prebid/Prebid.js,javascript,100_299,264,2,0,0,2,1,fallback_control
human_control,aira-human-control-full-pilot-rebuilt-arm-b_human_control_00084,prebid/Prebid.js,javascript,300_999,599,0,0,0,0,0,
human_control,aira-human-control-full-pilot-rebuilt-arm-b_human_control_00085,prebid/Prebid.js,javascript,100_299,136,0,0,0,0,0,
human_control,aira-human-control-full-pilot-rebuilt-arm-b_human_control_00086,theturtle32/WebSocket-Node,javascript,100_299,235,0,0,0,0,0,
human_control,aira-human-control-full-pilot-rebuilt-arm-b_human_control_00087,theturtle32/WebSocket-Node,javascript,100_299,256,0,0,0,0,0,
human_control,aira-human-control-full-pilot-rebuilt-arm-b_human_control_00088,theturtle32/WebSocket-Node,javascript,100_299,144,0,0,0,0,0,
human_control,aira-human-control-full-pilot-rebuilt-arm-b_human_control_00089,theturtle32/WebSocket-Node,javascript,100_299,243,1,1,0,0,1,environment_safety
human_control,aira-human-control-full-pilot-rebuilt-arm-b_human_control_00090,theturtle32/WebSocket-Node,javascript,100_299,110,0,0,0,0,0,
human_control,aira-human-control-full-pilot-rebuilt-arm-b_human_control_00091,theturtle32/WebSocket-Node,javascript,100_299,252,0,0,0,0,0,
human_control,aira-human-control-full-pilot-rebuilt-arm-b_human_control_00092,theturtle32/WebSocket-Node,javascript,100_299,142,0,0,0,0,0,
human_control,aira-human-control-full-pilot-rebuilt-arm-b_human_control_00093,theturtle32/WebSocket-Node,javascript,300_999,324,0,0,0,0,0,
human_control,aira-human-control-full-pilot-rebuilt-arm-b_human_control_00094,theturtle32/WebSocket-Node,javascript,300_999,306,12,0,12,0,1,confidence_representation
human_control,aira-human-control-full-pilot-rebuilt-arm-b_human_control_00095,theturtle32/WebSocket-Node,javascript,300_999,328,9,0,9,0,1,background_tasks
human_control,aira-human-control-full-pilot-rebuilt-arm-b_human_control_00096,theturtle32/WebSocket-Node,javascript,100_299,292,7,0,7,0,2,"background_tasks,exception_handling"
human_control,aira-human-control-full-pilot-rebuilt-arm-b_human_control_00097,traccar/traccar-web,javascript,100_299,101,1,0,1,0,1,exception_handling
human_control,aira-human-control-full-pilot-rebuilt-arm-b_human_control_00098,traccar/traccar-web,javascript,100_299,118,0,0,0,0,0,
human_control,aira-human-control-full-pilot-rebuilt-arm-b_human_control_00099,traccar/traccar-web,javascript,300_999,314,0,0,0,0,0,
human_control,aira-human-control-full-pilot-rebuilt-arm-b_human_control_00100,traccar/traccar-web,javascript,100_299,146,0,0,0,0,0,
human_control,aira-human-control-full-pilot-rebuilt-arm-b_human_control_00101,567-labs/instructor,python,100_299,103,0,0,0,0,0,
human_control,aira-human-control-full-pilot-rebuilt-arm-b_human_control_00102,567-labs/instructor,python,100_299,129,0,0,0,0,0,
human_control,aira-human-control-full-pilot-rebuilt-arm-b_human_control_00103,567-labs/instructor,python,100_299,139,0,0,0,0,0,
human_control,aira-human-control-full-pilot-rebuilt-arm-b_human_control_00104,567-labs/instructor,python,100_299,163,3,2,1,0,1,exception_handling
human_control,aira-human-control-full-pilot-rebuilt-arm-b_human_control_00105,567-labs/instructor,python,100_299,221,0,0,0,0,0,
human_control,aira-human-control-full-pilot-rebuilt-arm-b_human_control_00106,BeehiveInnovations/zen-mcp-server,python,100_299,135,0,0,0,0,0,
human_control,aira-human-control-full-pilot-rebuilt-arm-b_human_control_00107,BerriAI/litellm,python,100_299,114,0,0,0,0,0,
human_control,aira-human-control-full-pilot-rebuilt-arm-b_human_control_00108,julep-ai/julep,python,100_299,158,0,0,0,0,0,
human_control,aira-human-control-full-pilot-rebuilt-arm-b_human_control_00109,julep-ai/julep,python,100_299,263,0,0,0,0,0,
human_control,aira-human-control-full-pilot-rebuilt-arm-b_human_control_00110,julep-ai/julep,python,100_299,143,0,0,0,0,0,
human_control,aira-human-control-full-pilot-rebuilt-arm-b_human_control_00111,julep-ai/julep,python,100_299,217,0,0,0,0,0,
human_control,aira-human-control-full-pilot-rebuilt-arm-b_human_control_00112,julep-ai/julep,python,300_999,371,0,0,0,0,0,
human_control,aira-human-control-full-pilot-rebuilt-arm-b_human_control_00113,julep-ai/julep,python,100_299,134,0,0,0,0,0,
human_control,aira-human-control-full-pilot-rebuilt-arm-b_human_control_00114,julep-ai/julep,python,100_299,234,0,0,0,0,0,
human_control,aira-human-control-full-pilot-rebuilt-arm-b_human_control_00115,julep-ai/julep,python,100_299,162,0,0,0,0,0,
human_control,aira-human-control-full-pilot-rebuilt-arm-b_human_control_00116,julep-ai/julep,python,300_999,888,0,0,0,0,0,
human_control,aira-human-control-full-pilot-rebuilt-arm-b_human_control_00117,julep-ai/julep,python,300_999,316,0,0,0,0,0,
human_control,aira-human-control-full-pilot-rebuilt-arm-b_human_control_00118,julep-ai/julep,python,100_299,116,0,0,0,0,0,
human_control,aira-human-control-full-pilot-rebuilt-arm-b_human_control_00119,julep-ai/julep,python,100_299,103,0,0,0,0,0,
human_control,aira-human-control-full-pilot-rebuilt-arm-b_human_control_00120,julep-ai/julep,python,300_999,316,0,0,0,0,0,
human_control,aira-human-control-full-pilot-rebuilt-arm-b_human_control_00121,julep-ai/julep,python,100_299,203,0,0,0,0,0,
human_control,aira-human-control-full-pilot-rebuilt-arm-b_human_control_00122,julep-ai/julep,python,100_299,158,0,0,0,0,0,
human_control,aira-human-control-full-pilot-rebuilt-arm-b_human_control_00123,julep-ai/julep,python,100_299,100,0,0,0,0,0,
human_control,aira-human-control-full-pilot-rebuilt-arm-b_human_control_00124,julep-ai/julep,python,100_299,229,0,0,0,0,0,
human_control,aira-human-control-full-pilot-rebuilt-arm-b_human_control_00125,julep-ai/julep,python,300_999,978,2,0,2,0,1,return_contracts
human_control,aira-human-control-full-pilot-rebuilt-arm-b_human_control_00126,julep-ai/julep,python,100_299,205,0,0,0,0,0,
human_control,aira-human-control-full-pilot-rebuilt-arm-b_human_control_00127,julep-ai/julep,python,100_299,216,0,0,0,0,0,
human_control,aira-human-control-full-pilot-rebuilt-arm-b_human_control_00128,julep-ai/julep,python,300_999,464,0,0,0,0,0,
human_control,aira-human-control-full-pilot-rebuilt-arm-b_human_control_00129,julep-ai/julep,python,100_299,237,1,0,1,0,1,exception_handling
human_control,aira-human-control-full-pilot-rebuilt-arm-b_human_control_00130,julep-ai/julep,python,300_999,389,0,0,0,0,0,
human_control,aira-human-control-full-pilot-rebuilt-arm-b_human_control_00131,julep-ai/julep,python,100_299,114,0,0,0,0,0,
human_control,aira-human-control-full-pilot-rebuilt-arm-b_human_control_00132,julep-ai/julep,python,100_299,106,0,0,0,0,0,
human_control,aira-human-control-full-pilot-rebuilt-arm-b_human_control_00133,julep-ai/julep,python,100_299,200,0,0,0,0,0,
human_control,aira-human-control-full-pilot-rebuilt-arm-b_human_control_00134,julep-ai/julep,python,100_299,281,0,0,0,0,0,
human_control,aira-human-control-full-pilot-rebuilt-arm-b_human_control_00135,julep-ai/julep,python,100_299,102,0,0,0,0,0,
human_control,aira-human-control-full-pilot-rebuilt-arm-b_human_control_00136,julep-ai/julep,python,100_299,178,0,0,0,0,0,
human_control,aira-human-control-full-pilot-rebuilt-arm-b_human_control_00137,julep-ai/julep,python,100_299,200,0,0,0,0,0,
human_control,aira-human-control-full-pilot-rebuilt-arm-b_human_control_00138,julep-ai/julep,python,100_299,281,0,0,0,0,0,
human_control,aira-human-control-full-pilot-rebuilt-arm-b_human_control_00139,julep-ai/julep,python,100_299,293,0,0,0,0,0,
human_control,aira-human-control-full-pilot-rebuilt-arm-b_human_control_00140,julep-ai/julep,python,300_999,386,0,0,0,0,0,
human_control,aira-human-control-full-pilot-rebuilt-arm-b_human_control_00141,julep-ai/julep,python,100_299,269,0,0,0,0,0,
human_control,aira-human-control-full-pilot-rebuilt-arm-b_human_control_00142,julep-ai/julep,python,100_299,108,1,1,0,0,1,exception_handling
human_control,aira-human-control-full-pilot-rebuilt-arm-b_human_control_00143,julep-ai/julep,python,100_299,256,0,0,0,0,0,
human_control,aira-human-control-full-pilot-rebuilt-arm-b_human_control_00144,julep-ai/julep,python,100_299,257,0,0,0,0,0,
human_control,aira-human-control-full-pilot-rebuilt-arm-b_human_control_00145,julep-ai/julep,python,100_299,106,1,1,0,0,1,environment_safety
human_control,aira-human-control-full-pilot-rebuilt-arm-b_human_control_00146,julep-ai/julep,python,100_299,147,0,0,0,0,0,
human_control,aira-human-control-full-pilot-rebuilt-arm-b_human_control_00147,julep-ai/julep,python,100_299,161,0,0,0,0,0,
human_control,aira-human-control-full-pilot-rebuilt-arm-b_human_control_00148,julep-ai/julep,python,100_299,104,0,0,0,0,0,
human_control,aira-human-control-full-pilot-rebuilt-arm-b_human_control_00149,julep-ai/julep,python,100_299,269,0,0,0,0,0,
human_control,aira-human-control-full-pilot-rebuilt-arm-b_human_control_00150,julep-ai/julep,python,300_999,384,0,0,0,0,0,
human_control,aira-human-control-full-pilot-rebuilt-arm-b_human_control_00151,julep-ai/julep,python,100_299,258,0,0,0,0,0,
human_control,aira-human-control-full-pilot-rebuilt-arm-b_human_control_00152,julep-ai/julep,python,100_299,118,1,1,0,0,1,environment_safety
human_control,aira-human-control-full-pilot-rebuilt-arm-b_human_control_00153,julep-ai/julep,python,100_299,293,0,0,0,0,0,
human_control,aira-human-control-full-pilot-rebuilt-arm-b_human_control_00154,julep-ai/julep,python,100_299,139,0,0,0,0,0,
human_control,aira-human-control-full-pilot-rebuilt-arm-b_human_control_00155,julep-ai/julep,python,100_299,144,0,0,0,0,0,
human_control,aira-human-control-full-pilot-rebuilt-arm-b_human_control_00156,julep-ai/julep,python,100_299,118,0,0,0,0,0,
human_control,aira-human-control-full-pilot-rebuilt-arm-b_human_control_00157,julep-ai/julep,python,100_299,143,0,0,0,0,0,
human_control,aira-human-control-full-pilot-rebuilt-arm-b_human_control_00158,julep-ai/julep,python,100_299,104,0,0,0,0,0,
human_control,aira-human-control-full-pilot-rebuilt-arm-b_human_control_00159,julep-ai/julep,python,100_299,204,0,0,0,0,0,
human_control,aira-human-control-full-pilot-rebuilt-arm-b_human_control_00160,julep-ai/julep,python,100_299,136,0,0,0,0,0,
human_control,aira-human-control-full-pilot-rebuilt-arm-b_human_control_00161,julep-ai/julep,python,300_999,384,0,0,0,0,0,
human_control,aira-human-control-full-pilot-rebuilt-arm-b_human_control_00162,julep-ai/julep,python,100_299,191,0,0,0,0,0,
human_control,aira-human-control-full-pilot-rebuilt-arm-b_human_control_00163,julep-ai/julep,python,100_299,247,0,0,0,0,0,
human_control,aira-human-control-full-pilot-rebuilt-arm-b_human_control_00164,julep-ai/julep,python,100_299,163,0,0,0,0,0,
human_control,aira-human-control-full-pilot-rebuilt-arm-b_human_control_00165,julep-ai/julep,python,100_299,111,0,0,0,0,0,
human_control,aira-human-control-full-pilot-rebuilt-arm-b_human_control_00166,julep-ai/julep,python,100_299,157,0,0,0,0,0,
human_control,aira-human-control-full-pilot-rebuilt-arm-b_human_control_00167,julep-ai/julep,python,100_299,123,0,0,0,0,0,
human_control,aira-human-control-full-pilot-rebuilt-arm-b_human_control_00168,julep-ai/julep,python,100_299,137,2,0,1,1,2,"exception_handling,fallback_control"
human_control,aira-human-control-full-pilot-rebuilt-arm-b_human_control_00169,julep-ai/julep,python,100_299,259,3,0,0,3,1,fallback_control
human_control,aira-human-control-full-pilot-rebuilt-arm-b_human_control_00170,julep-ai/julep,python,100_299,119,0,0,0,0,0,
human_control,aira-human-control-full-pilot-rebuilt-arm-b_human_control_00171,julep-ai/julep,python,100_299,104,0,0,0,0,0,
human_control,aira-human-control-full-pilot-rebuilt-arm-b_human_control_00172,julep-ai/julep,python,300_999,597,1,1,0,0,1,environment_safety
human_control,aira-human-control-full-pilot-rebuilt-arm-b_human_control_00173,julep-ai/julep,python,100_299,271,0,0,0,0,0,
human_control,aira-human-control-full-pilot-rebuilt-arm-b_human_control_00174,julep-ai/julep,python,100_299,104,0,0,0,0,0,
human_control,aira-human-control-full-pilot-rebuilt-arm-b_human_control_00175,julep-ai/julep,python,300_999,597,1,1,0,0,1,environment_safety
human_control,aira-human-control-full-pilot-rebuilt-arm-b_human_control_00176,julep-ai/julep,python,100_299,101,0,0,0,0,0,
human_control,aira-human-control-full-pilot-rebuilt-arm-b_human_control_00177,julep-ai/julep,python,300_999,306,0,0,0,0,0,
human_control,aira-human-control-full-pilot-rebuilt-arm-b_human_control_00178,julep-ai/julep,python,100_299,135,0,0,0,0,0,
human_control,aira-human-control-full-pilot-rebuilt-arm-b_human_control_00179,julep-ai/julep,python,100_299,271,0,0,0,0,0,
human_control,aira-human-control-full-pilot-rebuilt-arm-b_human_control_00180,julep-ai/julep,python,100_299,270,0,0,0,0,0,
human_control,aira-human-control-full-pilot-rebuilt-arm-b_human_control_00181,julep-ai/julep,python,100_299,121,0,0,0,0,0,
human_control,aira-human-control-full-pilot-rebuilt-arm-b_human_control_00182,julep-ai/julep,python,100_299,117,0,0,0,0,0,
human_control,aira-human-control-full-pilot-rebuilt-arm-b_human_control_00183,julep-ai/julep,python,100_299,219,4,4,0,0,1,determinism
human_control,aira-human-control-full-pilot-rebuilt-arm-b_human_control_00184,julep-ai/julep,python,100_299,109,0,0,0,0,0,
human_control,aira-human-control-full-pilot-rebuilt-arm-b_human_control_00185,julep-ai/julep,python,100_299,278,0,0,0,0,0,
human_control,aira-human-control-full-pilot-rebuilt-arm-b_human_control_00186,julep-ai/julep,python,100_299,170,0,0,0,0,0,
human_control,aira-human-control-full-pilot-rebuilt-arm-b_human_control_00187,julep-ai/julep,python,100_299,203,0,0,0,0,0,
human_control,aira-human-control-full-pilot-rebuilt-arm-b_human_control_00188,julep-ai/julep,python,100_299,127,0,0,0,0,0,
human_control,aira-human-control-full-pilot-rebuilt-arm-b_human_control_00189,julep-ai/julep,python,100_299,184,0,0,0,0,0,
human_control,aira-human-control-full-pilot-rebuilt-arm-b_human_control_00190,julep-ai/julep,python,100_299,118,0,0,0,0,0,
human_control,aira-human-control-full-pilot-rebuilt-arm-b_human_control_00191,julep-ai/julep,python,100_299,179,0,0,0,0,0,
human_control,aira-human-control-full-pilot-rebuilt-arm-b_human_control_00192,julep-ai/julep,python,100_299,121,0,0,0,0,0,
human_control,aira-human-control-full-pilot-rebuilt-arm-b_human_control_00193,julep-ai/julep,python,100_299,143,0,0,0,0,0,
human_control,aira-human-control-full-pilot-rebuilt-arm-b_human_control_00194,julep-ai/julep,python,300_999,457,0,0,0,0,0,
human_control,aira-human-control-full-pilot-rebuilt-arm-b_human_control_00195,julep-ai/julep,python,300_999,399,1,1,0,0,1,environment_safety
human_control,aira-human-control-full-pilot-rebuilt-arm-b_human_control_00196,julep-ai/julep,python,300_999,410,0,0,0,0,0,
human_control,aira-human-control-full-pilot-rebuilt-arm-b_human_control_00197,julep-ai/julep,python,100_299,128,0,0,0,0,0,
human_control,aira-human-control-full-pilot-rebuilt-arm-b_human_control_00198,mrwadams/stride-gpt,python,300_999,465,0,0,0,0,0,
human_control,aira-human-control-full-pilot-rebuilt-arm-b_human_control_00199,mrwadams/stride-gpt,python,100_299,290,0,0,0,0,0,
human_control,aira-human-control-full-pilot-rebuilt-arm-b_human_control_00200,mrwadams/stride-gpt,python,100_299,238,0,0,0,0,0,
human_control,aira-human-control-full-pilot-rebuilt-arm-b_human_control_00201,getsentry/sentry,typescript,100_299,158,0,0,0,0,0,
human_control,aira-human-control-full-pilot-rebuilt-arm-b_human_control_00202,getsentry/sentry,typescript,100_299,131,0,0,0,0,0,
human_control,aira-human-control-full-pilot-rebuilt-arm-b_human_control_00203,getsentry/sentry,typescript,100_299,216,0,0,0,0,0,
human_control,aira-human-control-full-pilot-rebuilt-arm-b_human_control_00204,getsentry/sentry,typescript,100_299,210,0,0,0,0,0,
human_control,aira-human-control-full-pilot-rebuilt-arm-b_human_control_00205,getsentry/sentry,typescript,100_299,256,0,0,0,0,0,
human_control,aira-human-control-full-pilot-rebuilt-arm-b_human_control_00206,getsentry/sentry,typescript,100_299,238,0,0,0,0,0,
human_control,aira-human-control-full-pilot-rebuilt-arm-b_human_control_00207,getsentry/sentry-javascript,typescript,100_299,116,0,0,0,0,0,
human_control,aira-human-control-full-pilot-rebuilt-arm-b_human_control_00208,langfuse/langfuse,typescript,100_299,151,3,0,3,0,1,exception_handling
human_control,aira-human-control-full-pilot-rebuilt-arm-b_human_control_00209,langfuse/langfuse,typescript,100_299,151,0,0,0,0,0,
human_control,aira-human-control-full-pilot-rebuilt-arm-b_human_control_00210,langfuse/langfuse,typescript,100_299,228,4,0,4,0,2,"confidence_representation,exception_handling"
human_control,aira-human-control-full-pilot-rebuilt-arm-b_human_control_00211,langfuse/langfuse,typescript,100_299,176,5,0,5,0,1,exception_handling
human_control,aira-human-control-full-pilot-rebuilt-arm-b_human_control_00212,novuhq/novu,typescript,100_299,146,0,0,0,0,0,
human_control,aira-human-control-full-pilot-rebuilt-arm-b_human_control_00213,novuhq/novu,typescript,100_299,116,0,0,0,0,0,
human_control,aira-human-control-full-pilot-rebuilt-arm-b_human_control_00214,novuhq/novu,typescript,100_299,178,0,0,0,0,0,
human_control,aira-human-control-full-pilot-rebuilt-arm-b_human_control_00215,novuhq/novu,typescript,100_299,197,0,0,0,0,0,
human_control,aira-human-control-full-pilot-rebuilt-arm-b_human_control_00216,novuhq/novu,typescript,100_299,194,0,0,0,0,0,
human_control,aira-human-control-full-pilot-rebuilt-arm-b_human_control_00217,novuhq/novu,typescript,100_299,194,0,0,0,0,0,
human_control,aira-human-control-full-pilot-rebuilt-arm-b_human_control_00218,novuhq/novu,typescript,100_299,113,0,0,0,0,0,
human_control,aira-human-control-full-pilot-rebuilt-arm-b_human_control_00219,novuhq/novu,typescript,100_299,106,2,0,2,0,1,return_contracts
human_control,aira-human-control-full-pilot-rebuilt-arm-b_human_control_00220,novuhq/novu,typescript,100_299,142,1,0,1,0,1,exception_handling
human_control,aira-human-control-full-pilot-rebuilt-arm-b_human_control_00221,novuhq/novu,typescript,100_299,101,0,0,0,0,0,
human_control,aira-human-control-full-pilot-rebuilt-arm-b_human_control_00222,novuhq/novu,typescript,100_299,139,2,0,2,0,1,exception_handling
human_control,aira-human-control-full-pilot-rebuilt-arm-b_human_control_00223,novuhq/novu,typescript,100_299,198,2,0,2,0,1,exception_handling
human_control,aira-human-control-full-pilot-rebuilt-arm-b_human_control_00224,novuhq/novu,typescript,100_299,121,0,0,0,0,0,
human_control,aira-human-control-full-pilot-rebuilt-arm-b_human_control_00225,novuhq/novu,typescript,100_299,184,0,0,0,0,0,
human_control,aira-human-control-full-pilot-rebuilt-arm-b_human_control_00226,novuhq/novu,typescript,100_299,140,0,0,0,0,0,
human_control,aira-human-control-full-pilot-rebuilt-arm-b_human_control_00227,novuhq/novu,typescript,100_299,115,0,0,0,0,0,
human_control,aira-human-control-full-pilot-rebuilt-arm-b_human_control_00228,novuhq/novu,typescript,100_299,107,0,0,0,0,0,
human_control,aira-human-control-full-pilot-rebuilt-arm-b_human_control_00229,novuhq/novu,typescript,300_999,401,0,0,0,0,0,
human_control,aira-human-control-full-pilot-rebuilt-arm-b_human_control_00230,novuhq/novu,typescript,300_999,365,1,0,0,1,1,fallback_control
human_control,aira-human-control-full-pilot-rebuilt-arm-b_human_control_00231,novuhq/novu,typescript,100_299,251,0,0,0,0,0,
human_control,aira-human-control-full-pilot-rebuilt-arm-b_human_control_00232,novuhq/novu,typescript,100_299,279,0,0,0,0,0,
human_control,aira-human-control-full-pilot-rebuilt-arm-b_human_control_00233,novuhq/novu,typescript,100_299,100,0,0,0,0,0,
human_control,aira-human-control-full-pilot-rebuilt-arm-b_human_control_00234,novuhq/novu,typescript,100_299,102,0,0,0,0,0,
human_control,aira-human-control-full-pilot-rebuilt-arm-b_human_control_00235,novuhq/novu,typescript,100_299,103,0,0,0,0,0,
human_control,aira-human-control-full-pilot-rebuilt-arm-b_human_control_00236,novuhq/novu,typescript,100_299,164,0,0,0,0,0,
human_control,aira-human-control-full-pilot-rebuilt-arm-b_human_control_00237,novuhq/novu,typescript,100_299,188,0,0,0,0,0,
human_control,aira-human-control-full-pilot-rebuilt-arm-b_human_control_00238,novuhq/novu,typescript,100_299,125,0,0,0,0,0,
human_control,aira-human-control-full-pilot-rebuilt-arm-b_human_control_00239,novuhq/novu,typescript,100_299,295,0,0,0,0,0,
human_control,aira-human-control-full-pilot-rebuilt-arm-b_human_control_00240,novuhq/novu,typescript,100_299,100,0,0,0,0,0,
human_control,aira-human-control-full-pilot-rebuilt-arm-b_human_control_00241,novuhq/novu,typescript,100_299,102,0,0,0,0,0,
human_control,aira-human-control-full-pilot-rebuilt-arm-b_human_control_00242,novuhq/novu,typescript,100_299,103,0,0,0,0,0,
human_control,aira-human-control-full-pilot-rebuilt-arm-b_human_control_00243,novuhq/novu,typescript,100_299,164,0,0,0,0,0,
human_control,aira-human-control-full-pilot-rebuilt-arm-b_human_control_00244,novuhq/novu,typescript,100_299,188,0,0,0,0,0,
human_control,aira-human-control-full-pilot-rebuilt-arm-b_human_control_00245,novuhq/novu,typescript,100_299,101,3,0,1,2,2,"background_tasks,fallback_control"
human_control,aira-human-control-full-pilot-rebuilt-arm-b_human_control_00246,novuhq/novu,typescript,300_999,346,1,0,0,1,1,fallback_control
human_control,aira-human-control-full-pilot-rebuilt-arm-b_human_control_00247,novuhq/novu,typescript,100_299,213,4,0,3,1,3,"background_tasks,fallback_control,return_contracts"
human_control,aira-human-control-full-pilot-rebuilt-arm-b_human_control_00248,novuhq/novu,typescript,100_299,168,0,0,0,0,0,
human_control,aira-human-control-full-pilot-rebuilt-arm-b_human_control_00249,novuhq/novu,typescript,100_299,109,0,0,0,0,0,
human_control,aira-human-control-full-pilot-rebuilt-arm-b_human_control_00250,novuhq/novu,typescript,100_299,103,0,0,0,0,0,
human_control,aira-human-control-full-pilot-rebuilt-arm-b_human_control_00251,novuhq/novu,typescript,300_999,699,0,0,0,0,0,
human_control,aira-human-control-full-pilot-rebuilt-arm-b_human_control_00252,novuhq/novu,typescript,300_999,934,1,0,1,0,1,exception_handling
human_control,aira-human-control-full-pilot-rebuilt-arm-b_human_control_00253,novuhq/novu,typescript,100_299,100,3,0,3,0,2,"confidence_representation,return_contracts"
human_control,aira-human-control-full-pilot-rebuilt-arm-b_human_control_00254,novuhq/novu,typescript,100_299,161,2,2,0,0,1,environment_safety
human_control,aira-human-control-full-pilot-rebuilt-arm-b_human_control_00255,novuhq/novu,typescript,100_299,257,2,0,2,0,1,exception_handling
human_control,aira-human-control-full-pilot-rebuilt-arm-b_human_control_00256,novuhq/novu,typescript,100_299,178,0,0,0,0,0,
human_control,aira-human-control-full-pilot-rebuilt-arm-b_human_control_00257,novuhq/novu,typescript,100_299,157,0,0,0,0,0,
human_control,aira-human-control-full-pilot-rebuilt-arm-b_human_control_00258,novuhq/novu,typescript,100_299,170,0,0,0,0,0,
human_control,aira-human-control-full-pilot-rebuilt-arm-b_human_control_00259,onlook-dev/onlook,typescript,1000_plus,1518,25,22,2,1,4,"background_tasks,exception_handling,fallback_control,startup_integrity"
human_control,aira-human-control-full-pilot-rebuilt-arm-b_human_control_00260,oven-sh/bun,typescript,100_299,295,11,0,11,0,1,background_tasks
human_control,aira-human-control-full-pilot-rebuilt-arm-b_human_control_00261,oven-sh/bun,typescript,100_299,245,0,0,0,0,0,
human_control,aira-human-control-full-pilot-rebuilt-arm-b_human_control_00262,oven-sh/bun,typescript,300_999,319,3,0,3,0,2,"background_tasks,exception_handling"
human_control,aira-human-control-full-pilot-rebuilt-arm-b_human_control_00263,oven-sh/bun,typescript,100_299,119,0,0,0,0,0,
human_control,aira-human-control-full-pilot-rebuilt-arm-b_human_control_00264,oven-sh/bun,typescript,1000_plus,1254,0,0,0,0,0,
human_control,aira-human-control-full-pilot-rebuilt-arm-b_human_control_00265,oven-sh/bun,typescript,100_299,122,0,0,0,0,0,
human_control,aira-human-control-full-pilot-rebuilt-arm-b_human_control_00266,oven-sh/bun,typescript,300_999,349,0,0,0,0,0,
human_control,aira-human-control-full-pilot-rebuilt-arm-b_human_control_00267,oven-sh/bun,typescript,100_299,185,1,0,1,0,1,background_tasks
human_control,aira-human-control-full-pilot-rebuilt-arm-b_human_control_00268,oven-sh/bun,typescript,100_299,205,2,0,2,0,2,"background_tasks,exception_handling"
human_control,aira-human-control-full-pilot-rebuilt-arm-b_human_control_00269,oven-sh/bun,typescript,300_999,350,8,1,7,0,3,"background_tasks,confidence_representation,exception_handling"
human_control,aira-human-control-full-pilot-rebuilt-arm-b_human_control_00270,oven-sh/bun,typescript,300_999,477,1,0,1,0,1,background_tasks
human_control,aira-human-control-full-pilot-rebuilt-arm-b_human_control_00271,oven-sh/bun,typescript,100_299,180,1,0,1,0,1,background_tasks
human_control,aira-human-control-full-pilot-rebuilt-arm-b_human_control_00272,oven-sh/bun,typescript,100_299,165,0,0,0,0,0,
human_control,aira-human-control-full-pilot-rebuilt-arm-b_human_control_00273,oven-sh/bun,typescript,100_299,179,0,0,0,0,0,
human_control,aira-human-control-full-pilot-rebuilt-arm-b_human_control_00274,oven-sh/bun,typescript,100_299,198,0,0,0,0,0,
human_control,aira-human-control-full-pilot-rebuilt-arm-b_human_control_00275,oven-sh/bun,typescript,100_299,106,1,0,1,0,1,exception_handling
human_control,aira-human-control-full-pilot-rebuilt-arm-b_human_control_00276,oven-sh/bun,typescript,100_299,135,3,0,3,0,1,background_tasks
human_control,aira-human-control-full-pilot-rebuilt-arm-b_human_control_00277,oven-sh/bun,typescript,100_299,213,1,0,1,0,1,background_tasks
human_control,aira-human-control-full-pilot-rebuilt-arm-b_human_control_00278,oven-sh/bun,typescript,100_299,142,0,0,0,0,0,
human_control,aira-human-control-full-pilot-rebuilt-arm-b_human_control_00279,oven-sh/bun,typescript,100_299,216,0,0,0,0,0,
human_control,aira-human-control-full-pilot-rebuilt-arm-b_human_control_00280,oven-sh/bun,typescript,100_299,131,0,0,0,0,0,
human_control,aira-human-control-full-pilot-rebuilt-arm-b_human_control_00281,oven-sh/bun,typescript,300_999,924,14,2,12,0,3,"background_tasks,exception_handling,return_contracts"
human_control,aira-human-control-full-pilot-rebuilt-arm-b_human_control_00282,oven-sh/bun,typescript,100_299,157,3,2,1,0,1,exception_handling
human_control,aira-human-control-full-pilot-rebuilt-arm-b_human_control_00283,oven-sh/bun,typescript,100_299,118,2,0,2,0,1,exception_handling
human_control,aira-human-control-full-pilot-rebuilt-arm-b_human_control_00284,oven-sh/bun,typescript,300_999,470,6,3,3,0,2,"background_tasks,exception_handling"
human_control,aira-human-control-full-pilot-rebuilt-arm-b_human_control_00285,oven-sh/bun,typescript,100_299,159,0,0,0,0,0,
human_control,aira-human-control-full-pilot-rebuilt-arm-b_human_control_00286,oven-sh/bun,typescript,100_299,171,0,0,0,0,0,
human_control,aira-human-control-full-pilot-rebuilt-arm-b_human_control_00287,oven-sh/bun,typescript,100_299,224,2,0,2,0,1,background_tasks
human_control,aira-human-control-full-pilot-rebuilt-arm-b_human_control_00288,oven-sh/bun,typescript,100_299,289,2,0,2,0,1,exception_handling
human_control,aira-human-control-full-pilot-rebuilt-arm-b_human_control_00289,oven-sh/bun,typescript,100_299,118,0,0,0,0,0,
human_control,aira-human-control-full-pilot-rebuilt-arm-b_human_control_00290,oven-sh/bun,typescript,100_299,142,0,0,0,0,0,
human_control,aira-human-control-full-pilot-rebuilt-arm-b_human_control_00291,oven-sh/bun,typescript,100_299,187,0,0,0,0,0,
human_control,aira-human-control-full-pilot-rebuilt-arm-b_human_control_00292,oven-sh/bun,typescript,300_999,511,7,0,7,0,1,exception_handling
human_control,aira-human-control-full-pilot-rebuilt-arm-b_human_control_00293,oven-sh/bun,typescript,100_299,162,0,0,0,0,0,
human_control,aira-human-control-full-pilot-rebuilt-arm-b_human_control_00294,oven-sh/bun,typescript,100_299,282,0,0,0,0,0,
human_control,aira-human-control-full-pilot-rebuilt-arm-b_human_control_00295,oven-sh/bun,typescript,300_999,325,2,0,2,0,1,exception_handling
human_control,aira-human-control-full-pilot-rebuilt-arm-b_human_control_00296,oven-sh/bun,typescript,100_299,248,0,0,0,0,0,
human_control,aira-human-control-full-pilot-rebuilt-arm-b_human_control_00297,oven-sh/bun,typescript,300_999,595,1,0,1,0,1,exception_handling
human_control,aira-human-control-full-pilot-rebuilt-arm-b_human_control_00298,oven-sh/bun,typescript,100_299,108,0,0,0,0,0,
human_control,aira-human-control-full-pilot-rebuilt-arm-b_human_control_00299,oven-sh/bun,typescript,100_299,113,0,0,0,0,0,
human_control,aira-human-control-full-pilot-rebuilt-arm-b_human_control_00300,oven-sh/bun,typescript,100_299,137,1,0,1,0,1,background_tasks
