file,high,medium,low,total
src/App.jsx,7,75,3,85
advanced_security/__init__.py,11,20,7,38
security/secrets.py,15,19,4,38
multi_tenancy/__init__.py,3,33,0,36
rest/main.py,18,9,8,35
runtime/critic_infrastructure.py,6,16,12,34
test_api_deliberation_routes.py,0,31,2,33
ml/decision_engine/__init__.py,6,12,14,32
gpu/production_health_checker.py,13,11,5,29
startup.py,15,8,6,29
rest/routes/deliberation.py,8,17,1,26
runtime/run.py,15,3,8,26
cache/semantic_cache.py,4,13,8,25
observability/governance_metrics.py,20,4,1,25
ai/video_processor.py,7,15,2,24
gpu/predictive_enhanced_processor.py,10,6,8,24
analytics/predictive_engine_improvements.py,3,15,5,23
resilience/degradation.py,0,0,23,23
ai/structured_data_processor.py,8,13,1,22
gpu/production_parallelization.py,13,7,2,22
analytics/predictive_engine.py,2,17,2,21
core/__init__.py,9,11,1,21
predictive_governance/__init__.py,7,14,0,21
replay_store.py,4,11,6,21
runtime/initialization.py,14,7,0,21
runtime/streaming.py,12,2,7,21
security/ledger.py,7,14,0,21
model_registry/__init__.py,12,8,0,20
resource_manager.py,18,2,0,20
rest/runtime_env.py,9,8,3,20
integrations/traffic_light_governance.py,1,5,12,18
policy/optimization.py,4,12,2,18
precedent/store.py,5,13,0,18
rest/services/config_proposals.py,6,12,0,18
audit_security.py,4,10,3,17
config/settings/gpu/production_integrator.py,2,9,6,17
schemas/response.py,0,0,17,17
ai/advanced_fusion.py,1,3,12,16
rest/routes/audit.py,1,7,8,16
runtime/humility.py,6,9,1,16
test_api_deliberation_routes_branch_extra.py,0,16,0,16
test_critic_infrastructure.py,0,6,10,16
orchestrator/orchestrator_exec_engine.py,3,4,8,15
router/adapters.py,8,7,0,15
test_api_startup_initialization.py,1,10,4,15
test_engine_missing_paths.py,14,1,0,15
ai/audio_processor.py,4,8,2,14
ai/vision_processor.py,3,10,1,14
analytics/__init__.py,3,11,0,14
critics/batch_processor.py,0,6,8,14
integration/test_engine_core_integration.py,8,6,0,14
integration/test_governance_predictive_integration.py,1,13,0,14
middleware/security_audit.py,8,6,0,14
observability/health_checker.py,1,9,4,14
recorder/evidence_recorder.py,9,4,1,14
rollback_manager.py,1,13,0,14
test_response_schemas.py,0,0,14,14
analytics/trend_analysis.py,1,9,3,13
integration/test_predictive_analytics_realistic.py,8,5,0,13
security/secrets/providers/aws.py,6,6,1,13
security/secrets/providers/vault.py,5,8,0,13
cache/enhanced_redis.py,4,7,1,12
gpu/manager.py,9,3,0,12
gpu/production_async_ops.py,7,1,4,12
integration/test_engine_initialization.py,11,1,0,12
ml_governance/__init__.py,1,10,1,12
runtime/critics.py,3,4,5,12
runtime/governance.py,2,10,0,12
validators/context_validator.py,12,0,0,12
analytics/capacity_planning.py,0,10,1,11
evidence_recorder_async.py,8,1,2,11
gpu/parallelization.py,9,1,1,11
integration/test_predictive_analytics_comprehensive.py,7,3,1,11
policy_optimization/__init__.py,4,7,0,11
production_integration.py,5,4,2,11
runtime/shared_governance.py,8,2,1,11
saas/tenant/manager.py,8,3,0,11
security/secrets/providers/azure.py,4,7,0,11
test_engine_advanced_branches.py,11,0,0,11
test_production_gpu_modules.py,2,0,9,11
ai/edge_processing.py,3,6,1,10
ai/multi_modal_embeddings.py,0,3,7,10
analytics/base_predictor.py,0,8,2,10
analytics/predictors/risk_assessment.py,1,8,1,10
config/settings/gpu/realtime_monitor.py,6,2,2,10
core/feature_integration.py,7,2,1,10
gpu/production_embeddings_cache.py,4,2,4,10
gpu/production_memory_optimization.py,6,3,1,10
integration/test_api_integration_working.py,4,5,1,10
integration/test_governance_predictive_realistic.py,1,9,0,10
observability/anomaly_detector.py,3,4,3,10
router/router.py,3,4,3,10
test_engine_branches.py,4,2,4,10
analytics/predictive_storage.py,1,8,0,9
database/enhanced_pool.py,2,4,3,9
globalization/__init__.py,4,5,0,9
middleware/enhanced_auth.py,2,6,1,9
precedent/retrieval.py,0,9,0,9
runtime/errors.py,1,3,5,9
security/audit.py,6,3,0,9
test_critic_infrastructure_branches.py,3,2,4,9
test_edge_processing.py,5,4,0,9
test_gpu_production_readiness.py,6,1,2,9
websocket/websocket_server.py,1,7,1,9
audit_hash_chain.py,5,2,1,8
cache/advanced_redis_cluster.py,7,1,0,8
cache/manager.py,2,3,3,8
middleware/security_monitoring.py,0,8,0,8
observability/business_metrics.py,0,1,7,8
precedent/embeddings.py,2,2,4,8
precedent/temporal_evolution.py,6,2,0,8
rest/admin.py,2,4,2,8
runtime/lifecycle.py,8,0,0,8
runtime/pipeline.py,2,1,5,8
runtime/routing.py,4,4,0,8
security/audit/alerts.py,3,5,0,8
security/audit/core.py,4,4,0,8
security/ledger_reader.py,3,5,0,8
test_engine_runtime_mixins.py,0,0,8,8
test_orchestrator_v2.py,0,3,5,8
analytics/predictors/decision_outcome.py,0,6,1,7
config/settings.py,2,1,4,7
governance/conflict_resolution.py,0,7,0,7
governance/multi_modal_orchestrator.py,1,5,1,7
gpu/acceleration_pipeline.py,4,3,0,7
gpu/async_ops.py,5,1,1,7
gpu/batch_processor.py,1,6,0,7
ml/prediction/__init__.py,2,5,0,7
observability/observability_integration.py,5,2,0,7
orchestrator/orchestrator.py,1,6,0,7
predictive_back_sizing_demo.py,7,0,0,7
runtime/helpers.py,2,5,0,7
security/audit/siem.py,2,5,0,7
security/zero_trust_architecture.py,0,7,0,7
test_enginecore_validation.py,7,0,0,7
test_resilience_degradation.py,0,0,7,7
test_router_v8.py,0,0,7,7
aggregator/aggregator_scoring.py,0,5,1,6
aggregator/escalation.py,2,3,1,6
ai/cross_modal_fusion.py,3,2,1,6
audit/immutable_log.py,0,2,4,6
bootstrap.py,2,4,0,6
cache/warming.py,3,3,0,6
complete_production_demo.py,6,0,0,6
config/settings/gpu/workload_orchestrator.py,3,3,0,6
config/settings/utils/env_validation.py,3,1,2,6
critics/base.py,0,4,2,6
critics/risk.py,3,3,0,6
governance/opa_audit.py,6,0,0,6
governance/semantics_manifest.py,2,4,0,6
gpu/adaptive_router.py,3,2,1,6
integration/test_governance_predictive_working.py,0,6,0,6
integration_example.py,2,1,3,6
middleware/tenant_middleware.py,2,3,1,6
models/registry.py,0,3,3,6
resilience/recovery.py,0,1,5,6
runtime/environment.py,4,2,0,6
runtime/mixins.py,1,1,4,6
saas/metrics/tenant_metrics.py,5,1,0,6
security/sanitizer.py,4,2,0,6
test_e2e_input_validation.py,6,0,0,6
test_engine_runtime_mixins_comprehensive.py,0,0,6,6
test_ml_decision_making_production.py,0,1,5,6
test_runtime_critics_more.py,0,2,4,6
test_tenant_middleware.py,0,2,4,6
trend_analysis/__init__.py,1,5,0,6
aggregator/aggregator_helpers.py,0,5,0,5
aggregator/aggregator_pipeline.py,1,3,1,5
analytics/predictive.py,0,5,0,5
benchmarking.py,0,5,0,5
database/integration.py,2,3,0,5
governance/opa_client.py,0,2,3,5
gpu/predictive_back_sizing.py,4,1,0,5
gpu_example.py,5,0,0,5
gpu_integration_example.py,5,0,0,5
integration/test_cross_system_integration.py,0,4,1,5
policy_executor.py,2,3,0,5
portal_api_client_example.py,5,0,0,5
resource/adaptive_limits.py,2,3,0,5
rest/admin_router.py,0,1,4,5
saas/cache/tenant_cache.py,0,5,0,5
schemas/request.py,5,0,0,5
test_context_validator.py,5,0,0,5
test_coordination_extra.py,1,2,2,5
test_e2e_degradation.py,0,0,5,5
test_engine_integration_comprehensive.py,0,0,5,5
test_observability.py,2,2,1,5
analytics/predictors/resource_utilization.py,0,4,0,4
config/settings/gpu/cross_request_deduplication.py,1,3,0,4
config/settings/gpu/intelligent_manager.py,0,4,0,4
detectors/engine.py,1,3,0,4
detectors/signals.py,0,4,0,4
exceptions.py,0,3,1,4
execution_control.py,0,3,1,4
governance/domain_intelligences/textual_analysis.py,0,4,0,4
governance/streaming.py,0,4,0,4
gpu/__init__.py,0,4,0,4
key_manager.py,1,2,1,4
load/load_test.py,0,4,0,4
middleware/rate_limit.py,0,4,0,4
middleware/tls_manager.py,0,4,0,4
observability/centralized_logging.py,2,2,0,4
observability/tracing.py,0,3,1,4
predictive_governance/store.py,0,3,1,4
rest/background_tasks.py,2,1,1,4
rest/routes/predictive_governance.py,0,4,0,4
rest/services/deliberation_utils.py,0,4,0,4
runtime/bootstrap.py,2,2,0,4
runtime/timeout_results.py,0,0,4,4
security/ai_threat_detection.py,1,3,0,4
settings.py,4,0,0,4
test_admin_routes.py,0,2,2,4
test_batch_processor.py,0,4,0,4
test_critic_infrastructure_coverage.py,0,2,2,4
test_governance_streaming_module.py,0,1,3,4
test_opa_behavior.py,0,1,3,4
test_router_adapters.py,3,0,1,4
test_runtime_lifecycle_round102.py,0,4,0,4
test_tls_manager_middleware.py,2,2,0,4
test_traffic_light_governance.py,0,1,3,4
validate_secret_rotation_attestation.py,2,2,0,4
validation.py,4,0,0,4
aggregator/aggregator_governance.py,0,3,0,3
bias/bias_avoidance_engine.py,0,3,0,3
cache/router_cache.py,0,2,1,3
config/settings/gpu/enhanced_gpu_processor.py,0,1,2,3
config/settings/gpu/policy_aware_batching.py,1,2,0,3
config/settings/utils/loaders.py,2,0,1,3
create_ledger_ddb_table.py,0,1,2,3
critics/truth.py,0,3,0,3
factory.py,2,1,0,3
gate_service.py,2,1,0,3
governance/coordination.py,0,3,0,3
governance/domain_intelligence.py,2,1,0,3
governance/domain_intelligences/audio_analysis.py,1,2,0,3
governance/domain_intelligences/code_review.py,0,3,0,3
governance/domain_intelligences/visual_analysis.py,1,2,0,3
governance/test_invariants.py,0,3,0,3
gpu/embeddings.py,0,2,1,3
gpu/telemetry_anomaly_detector.py,2,1,0,3
integration/test_integration.py,1,1,1,3
model_configuration_examples.py,0,3,0,3
portal_gpu_processing_example.py,2,1,0,3
quarantine.py,1,2,0,3
recorder/ledger/bundler.py,1,1,1,3
resilience/health.py,0,0,3,3
runtime/deadline.py,0,3,0,3
runtime/policy_delivery.py,0,3,0,3
saas/tenant/resources.py,0,3,0,3
security/secrets/__init__.py,0,3,0,3
security/secrets/detection/auto_detect.py,3,0,0,3
test_api_smoke.py,1,0,2,3
test_batch_processor_branching_extra.py,0,3,0,3
test_constitutional_lockdown.py,0,0,3,3
test_critic_infrastructure_comprehensive.py,0,0,3,3
test_database_integration_extra.py,0,0,3,3
test_e2e_happy_path.py,3,0,0,3
test_engine_governance_wrappers.py,0,3,0,3
test_engine_run_more.py,3,0,0,3
test_engine_security_input_validation.py,3,0,0,3
test_entry_points.py,0,0,3,3
test_gpu.py,0,0,3,3
test_ml_governance_extra.py,0,0,3,3
test_model_configuration.py,0,2,1,3
test_multi_tenancy_isolation.py,0,3,0,3
test_precedent_store_branching_extra.py,0,1,2,3
test_streaming_runtime_more.py,1,2,0,3
test_zero_trust_middleware_round25.py,2,0,1,3
utils/dependency_tracking.py,2,1,0,3
utils/guardrails.py,0,3,0,3
utils/retry.py,3,0,0,3
aggregator/adaptive_weighting.py,0,2,0,2
aggregator/decision_canonicalizer.py,0,2,0,2
aggregator/severity_interpreter.py,0,2,0,2
ai/explainable_ai.py,1,1,0,2
analytics/predictive_types.py,0,2,0,2
analytics/predictors/performance_trend.py,1,1,0,2
analytics/sqlite_data_store.py,0,2,0,2
audit/exporter.py,1,1,0,2
audit/hash_chain.py,0,1,1,2
bench_openai.py,0,2,0,2
bias/bias_tracker.py,0,2,0,2
cli/cli.py,1,1,0,2
codex/orchestration.py,1,1,0,2
compliance/fria_generator.py,0,2,0,2
config/settings/utils/yaml_helpers.py,0,2,0,2
conftest.py,1,1,0,2
contracts/test_production_contracts.py,1,1,0,2
critics/pragmatics.py,0,2,0,2
critics/truth_critic.py,0,2,0,2
dependency_prometheus_exporter.py,2,0,0,2
engine.py,1,1,0,2
events/event_bus.py,1,1,0,2
governance/constitutional_arbiter.py,0,1,1,2
gpu/memory_optimization.py,0,2,0,2
logging_config.py,2,0,0,2
middleware/csrf.py,0,2,0,2
middleware/rbac.py,0,2,0,2
middleware/zero_trust.py,1,1,0,2
observability/correlation.py,0,2,0,2
observability/cost_tracking.py,0,1,1,2
performance/test_predictive_analytics_performance.py,0,2,0,2
precedent/alignment.py,0,2,0,2
recorder/retention_resolver.py,1,1,0,2
redteam_runner.py,1,1,0,2
replay/deterministic.py,0,1,1,2
rest/observability_bootstrap.py,2,0,0,2
rest/request_guards.py,0,2,0,2
rest/review.py,0,2,0,2
security/anomaly_detection.py,0,2,0,2
security/audit/query.py,0,2,0,2
security/secrets/managers/rotation.py,0,2,0,2
test_analytics_predictive_module.py,0,2,0,2
test_async_resource_management.py,0,2,0,2
test_config_proposals_edge_branches_extra.py,0,0,2,2
test_conflict_resolution_module.py,0,0,2,2
test_constitutional_guarantees.py,1,1,0,2
test_e2e_streaming.py,0,0,2,2
test_engine_error_paths.py,0,1,1,2
test_engine_validation.py,2,0,0,2
test_evidence_recorder_branches_extra.py,0,2,0,2
test_governance_audit_security_extra.py,0,2,0,2
test_governance_preview_round81.py,1,1,0,2
test_multi_modal_orchestrator_extra.py,0,0,2,2
test_observability_logging_fallback.py,0,0,2,2
test_policy_optimization_module.py,0,2,0,2
test_precedent_store_integrations.py,0,2,0,2
test_predictive_governance_routes_extra.py,0,2,0,2
test_production_integration.py,0,0,2,2
test_rate_limit.py,2,0,0,2
test_rate_limit_extra.py,2,0,0,2
test_replay_store_contexts_extra.py,0,0,2,2
test_resource_manager_extra.py,0,2,0,2
test_resource_manager_missing_branches.py,0,2,0,2
test_runtime_errors_branches_round28.py,0,0,2,2
test_runtime_governance_extra.py,0,1,1,2
test_runtime_helpers_branches_round48.py,0,2,0,2
test_runtime_pipeline_round86.py,0,0,2,2
test_security_input_validation.py,2,0,0,2
test_security_secrets_legacy_module.py,0,0,2,2
test_tenant_guard_integration.py,0,1,1,2
test_truth_critic_wrapper.py,0,2,0,2
types/engine_types.py,0,0,2,2
utils/circuit_breaker.py,1,0,1,2
validate_production_image_pins.py,1,1,0,2
validators/config.py,2,0,0,2
/Users/billp/Documents/GitHub/V8/governance/constitutional_self_test.py,1,0,0,1
/Users/billp/Documents/GitHub/V8/scripts/hot_test_lab.py,1,0,0,1
/Users/billp/Documents/GitHub/V8/tests/aggregator/test_aggregator_internal_branches.py,0,1,0,1
/Users/billp/Documents/GitHub/V8/tests/aggregator/test_decision_friction.py,1,0,0,1
/Users/billp/Documents/GitHub/V8/tests/aggregator/test_governance_decision_logging.py,1,0,0,1
/Users/billp/Documents/GitHub/V8/tests/aggregator/test_governance_learning_ingestion.py,1,0,0,1
/Users/billp/Documents/GitHub/V8/tests/aggregator/test_precedent_impact.py,1,0,0,1
/Users/billp/Documents/GitHub/V8/tests/benchmarks/test_benchmark_engine.py,1,0,0,1
/Users/billp/Documents/GitHub/V8/tests/benchmarks/test_benchmark_validation.py,1,0,0,1
/Users/billp/Documents/GitHub/V8/tests/chaos/test_resilience.py,1,0,0,1
/Users/billp/Documents/GitHub/V8/tests/constitutional/test_arbiter_property_invariants.py,1,0,0,1
/Users/billp/Documents/GitHub/V8/tests/constitutional/test_priority_inversion_protection.py,1,0,0,1
/Users/billp/Documents/GitHub/V8/tests/constitutional/test_tier1_hardening_invariants.py,1,0,0,1
/Users/billp/Documents/GitHub/V8/tests/contracts/test_production_contracts.py,1,0,0,1
/Users/billp/Documents/GitHub/V8/tests/governance/test_baseline_hash_integrity.py,1,0,0,1
/Users/billp/Documents/GitHub/V8/tests/governance/test_claude_audit_presence.py,1,0,0,1
/Users/billp/Documents/GitHub/V8/tests/governance/test_constitutional_self_test.py,1,0,0,1
/Users/billp/Documents/GitHub/V8/tests/governance/test_core_builder_bootstrap_wiring.py,1,0,0,1
/Users/billp/Documents/GitHub/V8/tests/governance/test_create_engine_bootstrap_wiring.py,1,0,0,1
/Users/billp/Documents/GitHub/V8/tests/governance/test_critic_order_independence.py,1,0,0,1
/Users/billp/Documents/GitHub/V8/tests/governance/test_float_stability.py,1,0,0,1
/Users/billp/Documents/GitHub/V8/tests/governance/test_hash_determinism.py,1,0,0,1
/Users/billp/Documents/GitHub/V8/tests/governance/test_incident_regression_harness.py,1,0,0,1
/Users/billp/Documents/GitHub/V8/tests/governance/test_invariants.py,1,0,0,1
/Users/billp/Documents/GitHub/V8/tests/governance/test_p0_bypass_prevention.py,1,0,0,1
/Users/billp/Documents/GitHub/V8/tests/governance/test_runtime_bootstrap_integrity.py,0,1,0,1
/Users/billp/Documents/GitHub/V8/tests/governance/test_severity_ast_purity.py,1,0,0,1
/Users/billp/Documents/GitHub/V8/tests/governance/test_severity_imports.py,1,0,0,1
/Users/billp/Documents/GitHub/V8/tests/governance/test_severity_purity_static.py,1,0,0,1
/Users/billp/Documents/GitHub/V8/tests/governance/test_tier0_registry.py,0,1,0,1
/Users/billp/Documents/GitHub/V8/tests/governance/test_uncertainty_purity.py,1,0,0,1
/Users/billp/Documents/GitHub/V8/tests/integration/test_api_integration.py,1,0,0,1
/Users/billp/Documents/GitHub/V8/tests/integration/test_api_integration_working.py,1,0,0,1
/Users/billp/Documents/GitHub/V8/tests/integration/test_bias_tracking_integration.py,1,0,0,1
/Users/billp/Documents/GitHub/V8/tests/integration/test_cross_system_integration.py,1,0,0,1
/Users/billp/Documents/GitHub/V8/tests/integration/test_data_integration.py,1,0,0,1
/Users/billp/Documents/GitHub/V8/tests/integration/test_engine_core_integration.py,1,0,0,1
/Users/billp/Documents/GitHub/V8/tests/integration/test_engine_initialization.py,1,0,0,1
/Users/billp/Documents/GitHub/V8/tests/integration/test_full_pipeline_comprehensive.py,1,0,0,1
/Users/billp/Documents/GitHub/V8/tests/integration/test_full_pipeline_execution.py,1,0,0,1
/Users/billp/Documents/GitHub/V8/tests/integration/test_governance_predictive_integration.py,1,0,0,1
/Users/billp/Documents/GitHub/V8/tests/integration/test_governance_predictive_realistic.py,1,0,0,1
/Users/billp/Documents/GitHub/V8/tests/integration/test_governance_predictive_working.py,1,0,0,1
/Users/billp/Documents/GitHub/V8/tests/integration/test_integration.py,1,0,0,1
/Users/billp/Documents/GitHub/V8/tests/integration/test_performance_integration.py,1,0,0,1
/Users/billp/Documents/GitHub/V8/tests/integration/test_predictive_analytics_comprehensive.py,1,0,0,1
/Users/billp/Documents/GitHub/V8/tests/integration/test_predictive_analytics_realistic.py,1,0,0,1
/Users/billp/Documents/GitHub/V8/tests/load/load_test.py,1,0,0,1
/Users/billp/Documents/GitHub/V8/tests/load/test_concurrent_requests.py,1,0,0,1
/Users/billp/Documents/GitHub/V8/tests/performance/test_engine_benchmarks.py,1,0,0,1
/Users/billp/Documents/GitHub/V8/tests/performance/test_predictive_analytics_performance.py,1,0,0,1
/Users/billp/Documents/GitHub/V8/tests/test_adaptive_batch_sizer.py,1,0,0,1
/Users/billp/Documents/GitHub/V8/tests/test_adaptive_limits.py,1,0,0,1
/Users/billp/Documents/GitHub/V8/tests/test_adaptive_limits_branches_round24.py,1,0,0,1
/Users/billp/Documents/GitHub/V8/tests/test_adaptive_limits_branches_round43.py,1,0,0,1
/Users/billp/Documents/GitHub/V8/tests/test_adaptive_weighting.py,1,0,0,1
/Users/billp/Documents/GitHub/V8/tests/test_admin_config.py,1,0,0,1
/Users/billp/Documents/GitHub/V8/tests/test_admin_headers.py,1,0,0,1
/Users/billp/Documents/GitHub/V8/tests/test_admin_router.py,1,0,0,1
/Users/billp/Documents/GitHub/V8/tests/test_admin_routes.py,1,0,0,1
/Users/billp/Documents/GitHub/V8/tests/test_advanced_fusion.py,1,0,0,1
/Users/billp/Documents/GitHub/V8/tests/test_advanced_fusion_isolation.py,1,0,0,1
/Users/billp/Documents/GitHub/V8/tests/test_advanced_security_zero_trust_engine.py,1,0,0,1
/Users/billp/Documents/GitHub/V8/tests/test_aggregator_escalation.py,1,0,0,1
/Users/billp/Documents/GitHub/V8/tests/test_aggregator_v8.py,1,0,0,1
/Users/billp/Documents/GitHub/V8/tests/test_ai_threat_detection_batch9.py,1,0,0,1
/Users/billp/Documents/GitHub/V8/tests/test_analytics_predictive_module.py,1,0,0,1
/Users/billp/Documents/GitHub/V8/tests/test_analytics_predictive_storage_module.py,1,0,0,1
/Users/billp/Documents/GitHub/V8/tests/test_api_bootstrap.py,0,1,0,1
/Users/billp/Documents/GitHub/V8/tests/test_api_bootstrap_round91.py,1,0,0,1
/Users/billp/Documents/GitHub/V8/tests/test_api_cli.py,0,1,0,1
/Users/billp/Documents/GitHub/V8/tests/test_api_deliberation_routes.py,1,0,0,1
/Users/billp/Documents/GitHub/V8/tests/test_api_deliberation_routes_branch_extra.py,1,0,0,1
/Users/billp/Documents/GitHub/V8/tests/test_api_smoke.py,1,0,0,1
/Users/billp/Documents/GitHub/V8/tests/test_api_startup_initialization.py,0,1,0,1
/Users/billp/Documents/GitHub/V8/tests/test_api_worker_defaults_round115.py,1,0,0,1
/Users/billp/Documents/GitHub/V8/tests/test_api_workflow_e2e.py,1,0,0,1
/Users/billp/Documents/GitHub/V8/tests/test_async_evidence_recorder_extra.py,1,0,0,1
/Users/billp/Documents/GitHub/V8/tests/test_async_gpu_executor.py,1,0,0,1
/Users/billp/Documents/GitHub/V8/tests/test_async_resource_management.py,1,0,0,1
/Users/billp/Documents/GitHub/V8/tests/test_audio_processor.py,1,0,0,1
/Users/billp/Documents/GitHub/V8/tests/test_audit_alerts.py,1,0,0,1
/Users/billp/Documents/GitHub/V8/tests/test_audit_alerts_branches_extra.py,1,0,0,1
/Users/billp/Documents/GitHub/V8/tests/test_audit_core.py,1,0,0,1
/Users/billp/Documents/GitHub/V8/tests/test_audit_core_extra.py,0,1,0,1
/Users/billp/Documents/GitHub/V8/tests/test_audit_events.py,1,0,0,1
/Users/billp/Documents/GitHub/V8/tests/test_audit_exporter_branches_round24.py,1,0,0,1
/Users/billp/Documents/GitHub/V8/tests/test_audit_helpers.py,1,0,0,1
/Users/billp/Documents/GitHub/V8/tests/test_audit_logger_extra.py,1,0,0,1
/Users/billp/Documents/GitHub/V8/tests/test_audit_query.py,1,0,0,1
/Users/billp/Documents/GitHub/V8/tests/test_audit_query_extra.py,1,0,0,1
/Users/billp/Documents/GitHub/V8/tests/test_audit_routes.py,1,0,0,1
/Users/billp/Documents/GitHub/V8/tests/test_audit_routes_branches_round51.py,1,0,0,1
/Users/billp/Documents/GitHub/V8/tests/test_audit_routes_extra_branches.py,0,1,0,1
/Users/billp/Documents/GitHub/V8/tests/test_audit_siem.py,1,0,0,1
/Users/billp/Documents/GitHub/V8/tests/test_audit_utils.py,1,0,0,1
/Users/billp/Documents/GitHub/V8/tests/test_audit_utils_deterministic_extra.py,1,0,0,1
/Users/billp/Documents/GitHub/V8/tests/test_autonomy_critic.py,1,0,0,1
/Users/billp/Documents/GitHub/V8/tests/test_autonomy_detector_branches_round22.py,1,0,0,1
/Users/billp/Documents/GitHub/V8/tests/test_autonomy_detector_round66.py,1,0,0,1
/Users/billp/Documents/GitHub/V8/tests/test_batch_processor.py,1,0,0,1
/Users/billp/Documents/GitHub/V8/tests/test_batch_processor_comprehensive.py,1,0,0,1
/Users/billp/Documents/GitHub/V8/tests/test_bench_openai.py,0,1,0,1
/Users/billp/Documents/GitHub/V8/tests/test_benchmark_harness.py,1,0,0,1
/Users/billp/Documents/GitHub/V8/tests/test_cache_warming.py,1,0,0,1
/Users/billp/Documents/GitHub/V8/tests/test_canonical_deprecation_registry.py,1,0,0,1
/Users/billp/Documents/GitHub/V8/tests/test_canonical_governance_artifact.py,1,0,0,1
/Users/billp/Documents/GitHub/V8/tests/test_cascading_failure_detector_round53.py,1,0,0,1
/Users/billp/Documents/GitHub/V8/tests/test_cascading_pragmatic_failure_detector_round54.py,1,0,0,1
/Users/billp/Documents/GitHub/V8/tests/test_circuit_breaker_branches_round30.py,1,0,0,1
/Users/billp/Documents/GitHub/V8/tests/test_code_review_intelligence_branches_round22.py,1,0,0,1
/Users/billp/Documents/GitHub/V8/tests/test_codex_orchestration.py,1,0,0,1
/Users/billp/Documents/GitHub/V8/tests/test_compare_benchmarks.py,1,0,0,1
/Users/billp/Documents/GitHub/V8/tests/test_complaints_routes_helpers_round25.py,1,0,0,1
/Users/billp/Documents/GitHub/V8/tests/test_compliance_endpoints.py,1,0,0,1
/Users/billp/Documents/GitHub/V8/tests/test_compliance_init_round80.py,1,0,0,1
/Users/billp/Documents/GitHub/V8/tests/test_config_proposals_branching_round21.py,1,0,0,1
/Users/billp/Documents/GitHub/V8/tests/test_config_proposals_helpers_extra.py,1,0,0,1
/Users/billp/Documents/GitHub/V8/tests/test_config_proposals_routes.py,1,0,0,1
/Users/billp/Documents/GitHub/V8/tests/test_config_proposals_routes_round25.py,1,0,0,1
/Users/billp/Documents/GitHub/V8/tests/test_config_proposals_service.py,1,0,0,1
/Users/billp/Documents/GitHub/V8/tests/test_config_settings.py,1,0,0,1
/Users/billp/Documents/GitHub/V8/tests/test_config_validation.py,1,0,0,1
/Users/billp/Documents/GitHub/V8/tests/test_conflict_resolution_module.py,1,0,0,1
/Users/billp/Documents/GitHub/V8/tests/test_consistency_engine.py,1,0,0,1
/Users/billp/Documents/GitHub/V8/tests/test_consistency_round92.py,1,0,0,1
/Users/billp/Documents/GitHub/V8/tests/test_constitutional_compliance.py,1,0,0,1
/Users/billp/Documents/GitHub/V8/tests/test_constitutional_edge_cases.py,1,0,0,1
/Users/billp/Documents/GitHub/V8/tests/test_constitutional_guarantees.py,0,1,0,1
/Users/billp/Documents/GitHub/V8/tests/test_constitutional_invariants.py,1,0,0,1
/Users/billp/Documents/GitHub/V8/tests/test_constitutional_lockdown.py,1,0,0,1
/Users/billp/Documents/GitHub/V8/tests/test_constitutional_spine.py,0,1,0,1
/Users/billp/Documents/GitHub/V8/tests/test_contradiction_detector_round55.py,1,0,0,1
/Users/billp/Documents/GitHub/V8/tests/test_coordination_extra.py,1,0,0,1
/Users/billp/Documents/GitHub/V8/tests/test_coverage_profiles.py,1,0,0,1
/Users/billp/Documents/GitHub/V8/tests/test_coveragerc_config.py,1,0,0,1
/Users/billp/Documents/GitHub/V8/tests/test_credential_sanitizer.py,1,0,0,1
/Users/billp/Documents/GitHub/V8/tests/test_critic_evaluation.py,1,0,0,1
/Users/billp/Documents/GitHub/V8/tests/test_critic_infrastructure.py,1,0,0,1
/Users/billp/Documents/GitHub/V8/tests/test_critic_infrastructure_branches.py,1,0,0,1
/Users/billp/Documents/GitHub/V8/tests/test_critic_infrastructure_comprehensive.py,1,0,0,1
/Users/billp/Documents/GitHub/V8/tests/test_critic_infrastructure_coverage.py,1,0,0,1
/Users/billp/Documents/GitHub/V8/tests/test_critic_isolation.py,1,0,0,1
/Users/billp/Documents/GitHub/V8/tests/test_critic_names_extra.py,1,0,0,1
/Users/billp/Documents/GitHub/V8/tests/test_critic_names_round79.py,1,0,0,1
/Users/billp/Documents/GitHub/V8/tests/test_critic_output_schema.py,0,1,0,1
/Users/billp/Documents/GitHub/V8/tests/test_critic_schema_contract.py,1,0,0,1
/Users/billp/Documents/GitHub/V8/tests/test_critics_hardening_regressions.py,1,0,0,1
/Users/billp/Documents/GitHub/V8/tests/test_critics_v8.py,1,0,0,1
/Users/billp/Documents/GitHub/V8/tests/test_cross_modal_fusion.py,1,0,0,1
/Users/billp/Documents/GitHub/V8/tests/test_csrf_branches_round49.py,1,0,0,1
/Users/billp/Documents/GitHub/V8/tests/test_database_pool_branches_round29.py,1,0,0,1
/Users/billp/Documents/GitHub/V8/tests/test_db_sink.py,1,0,0,1
/Users/billp/Documents/GitHub/V8/tests/test_dehumanization_detector_branches_round22.py,1,0,0,1
/Users/billp/Documents/GitHub/V8/tests/test_deliberation_helper_branches_extra.py,1,0,0,1
/Users/billp/Documents/GitHub/V8/tests/test_deliberation_utils.py,1,0,0,1
/Users/billp/Documents/GitHub/V8/tests/test_dependency_sync_validator.py,1,0,0,1
/Users/billp/Documents/GitHub/V8/tests/test_dependency_tracking.py,1,0,0,1
/Users/billp/Documents/GitHub/V8/tests/test_dependency_tracking_round87.py,1,0,0,1
/Users/billp/Documents/GitHub/V8/tests/test_detector_branches.py,1,0,0,1
/Users/billp/Documents/GitHub/V8/tests/test_detectors_comprehensive.py,1,0,0,1
/Users/billp/Documents/GitHub/V8/tests/test_detectors_engine_extra.py,1,0,0,1
/Users/billp/Documents/GitHub/V8/tests/test_detectors_engine_round75.py,1,0,0,1
/Users/billp/Documents/GitHub/V8/tests/test_detectors_v8.py,1,0,0,1
/Users/billp/Documents/GitHub/V8/tests/test_disaster_recovery_assets.py,1,0,0,1
/Users/billp/Documents/GitHub/V8/tests/test_disparate_impact_detector_round56.py,1,0,0,1
/Users/billp/Documents/GitHub/V8/tests/test_disparate_treatment_detector_round74.py,1,0,0,1
/Users/billp/Documents/GitHub/V8/tests/test_domain_intelligence_round70.py,1,0,0,1
/Users/billp/Documents/GitHub/V8/tests/test_e2e_degradation.py,1,0,0,1
/Users/billp/Documents/GitHub/V8/tests/test_e2e_governance_audit.py,1,0,0,1
/Users/billp/Documents/GitHub/V8/tests/test_e2e_happy_path.py,1,0,0,1
/Users/billp/Documents/GitHub/V8/tests/test_e2e_streaming.py,1,0,0,1
/Users/billp/Documents/GitHub/V8/tests/test_edge_processing.py,1,0,0,1
/Users/billp/Documents/GitHub/V8/tests/test_embedding_bias_detector_round57.py,1,0,0,1
/Users/billp/Documents/GitHub/V8/tests/test_engine_aggregation.py,1,0,0,1
/Users/billp/Documents/GitHub/V8/tests/test_engine_critics.py,1,0,0,1
/Users/billp/Documents/GitHub/V8/tests/test_engine_critics_adaptive_batch_sizer.py,1,0,0,1
/Users/billp/Documents/GitHub/V8/tests/test_engine_detail_levels.py,1,0,0,1
/Users/billp/Documents/GitHub/V8/tests/test_engine_detectors.py,1,0,0,1
/Users/billp/Documents/GitHub/V8/tests/test_engine_evidence.py,1,0,0,1
/Users/billp/Documents/GitHub/V8/tests/test_engine_governance_wrappers.py,1,0,0,1
/Users/billp/Documents/GitHub/V8/tests/test_engine_helpers.py,1,0,0,1
/Users/billp/Documents/GitHub/V8/tests/test_engine_init.py,1,0,0,1
/Users/billp/Documents/GitHub/V8/tests/test_engine_integration_comprehensive.py,0,1,0,1
/Users/billp/Documents/GitHub/V8/tests/test_engine_precedent.py,1,0,0,1
/Users/billp/Documents/GitHub/V8/tests/test_engine_purity.py,1,0,0,1
/Users/billp/Documents/GitHub/V8/tests/test_engine_resource_management.py,1,0,0,1
/Users/billp/Documents/GitHub/V8/tests/test_engine_resource_management_extra.py,1,0,0,1
/Users/billp/Documents/GitHub/V8/tests/test_engine_routing.py,1,0,0,1
/Users/billp/Documents/GitHub/V8/tests/test_engine_runtime_mixins.py,1,0,0,1
/Users/billp/Documents/GitHub/V8/tests/test_engine_runtime_mixins_comprehensive.py,1,0,0,1
/Users/billp/Documents/GitHub/V8/tests/test_engine_security_input_validation.py,0,1,0,1
/Users/billp/Documents/GitHub/V8/tests/test_engine_streaming.py,1,0,0,1
/Users/billp/Documents/GitHub/V8/tests/test_engine_types.py,1,0,0,1
/Users/billp/Documents/GitHub/V8/tests/test_engine_uncertainty.py,1,0,0,1
/Users/billp/Documents/GitHub/V8/tests/test_enginecore_extra.py,0,1,0,1
/Users/billp/Documents/GitHub/V8/tests/test_enhanced_gpu_processor.py,1,0,0,1
/Users/billp/Documents/GitHub/V8/tests/test_entry_points.py,1,0,0,1
/Users/billp/Documents/GitHub/V8/tests/test_environmental_impact_detector_round58.py,1,0,0,1
/Users/billp/Documents/GitHub/V8/tests/test_escalation_audit_hash.py,1,0,0,1
/Users/billp/Documents/GitHub/V8/tests/test_event_bus.py,1,0,0,1
/Users/billp/Documents/GitHub/V8/tests/test_event_bus_branches_round27.py,1,0,0,1
/Users/billp/Documents/GitHub/V8/tests/test_event_bus_coverage.py,1,0,0,1
/Users/billp/Documents/GitHub/V8/tests/test_evidence_grounding_detector_round59.py,1,0,0,1
/Users/billp/Documents/GitHub/V8/tests/test_evidence_hash_integrity.py,1,0,0,1
/Users/billp/Documents/GitHub/V8/tests/test_evidence_recorder_async_extra.py,1,0,0,1
/Users/billp/Documents/GitHub/V8/tests/test_evidence_recorder_branches_extra.py,0,1,0,1
/Users/billp/Documents/GitHub/V8/tests/test_evidence_recorder_jsonl.py,1,0,0,1
/Users/billp/Documents/GitHub/V8/tests/test_exception_handling.py,1,0,0,1
/Users/billp/Documents/GitHub/V8/tests/test_exceptions_branches_round36.py,1,0,0,1
/Users/billp/Documents/GitHub/V8/tests/test_execution_audit_store_round82.py,1,0,0,1
/Users/billp/Documents/GitHub/V8/tests/test_execution_gate_api.py,1,0,0,1
/Users/billp/Documents/GitHub/V8/tests/test_explainable_ai.py,1,0,0,1
/Users/billp/Documents/GitHub/V8/tests/test_explanations_round101.py,1,0,0,1
/Users/billp/Documents/GitHub/V8/tests/test_factory.py,1,0,0,1
/Users/billp/Documents/GitHub/V8/tests/test_factory_branches_round50.py,1,0,0,1
/Users/billp/Documents/GitHub/V8/tests/test_factual_accuracy_detector_round60.py,1,0,0,1
/Users/billp/Documents/GitHub/V8/tests/test_fingerprinting_user_rate_limit.py,1,0,0,1
/Users/billp/Documents/GitHub/V8/tests/test_gemini_client.py,1,0,0,1
/Users/billp/Documents/GitHub/V8/tests/test_governance_audit.py,1,0,0,1
/Users/billp/Documents/GitHub/V8/tests/test_governance_audit_hash_chain.py,0,1,0,1
/Users/billp/Documents/GitHub/V8/tests/test_governance_audit_hash_chain_hardening.py,1,0,0,1
/Users/billp/Documents/GitHub/V8/tests/test_governance_cli_round100.py,1,0,0,1
/Users/billp/Documents/GitHub/V8/tests/test_governance_critic_escalation.py,1,0,0,1
/Users/billp/Documents/GitHub/V8/tests/test_governance_drift_analysis.py,1,0,0,1
/Users/billp/Documents/GitHub/V8/tests/test_governance_explainable.py,1,0,0,1
/Users/billp/Documents/GitHub/V8/tests/test_governance_invariants.py,1,0,0,1
/Users/billp/Documents/GitHub/V8/tests/test_governance_precedent_engine.py,1,0,0,1
/Users/billp/Documents/GitHub/V8/tests/test_governance_review.py,1,0,0,1
/Users/billp/Documents/GitHub/V8/tests/test_governance_router.py,1,0,0,1
/Users/billp/Documents/GitHub/V8/tests/test_governance_streaming_module.py,1,0,0,1
/Users/billp/Documents/GitHub/V8/tests/test_governor_round99.py,1,0,0,1
/Users/billp/Documents/GitHub/V8/tests/test_gpu.py,1,0,0,1
/Users/billp/Documents/GitHub/V8/tests/test_gpu_acceleration_pipeline.py,1,0,0,1
/Users/billp/Documents/GitHub/V8/tests/test_gpu_hardening_regressions.py,1,0,0,1
/Users/billp/Documents/GitHub/V8/tests/test_gpu_init_and_monitoring.py,1,0,0,1
/Users/billp/Documents/GitHub/V8/tests/test_gpu_integration.py,1,0,0,1
/Users/billp/Documents/GitHub/V8/tests/test_gpu_manager.py,1,0,0,1
/Users/billp/Documents/GitHub/V8/tests/test_gpu_production_readiness.py,1,0,0,1
/Users/billp/Documents/GitHub/V8/tests/test_guardrails_round88.py,1,0,0,1
/Users/billp/Documents/GitHub/V8/tests/test_hallucination_detector_round84.py,1,0,0,1
/Users/billp/Documents/GitHub/V8/tests/test_http_client_pool.py,1,0,0,1
/Users/billp/Documents/GitHub/V8/tests/test_http_client_round89.py,1,0,0,1
/Users/billp/Documents/GitHub/V8/tests/test_immutable_audit_log.py,1,0,0,1
/Users/billp/Documents/GitHub/V8/tests/test_immutable_log.py,1,0,0,1
/Users/billp/Documents/GitHub/V8/tests/test_incidents_helpers_round25.py,1,0,0,1
/Users/billp/Documents/GitHub/V8/tests/test_infrastructure_v8.py,0,1,0,1
/Users/billp/Documents/GitHub/V8/tests/test_input_validator_round90.py,1,0,0,1
/Users/billp/Documents/GitHub/V8/tests/test_intelligent_selector.py,1,0,0,1
/Users/billp/Documents/GitHub/V8/tests/test_issue_fixes.py,1,0,0,1
/Users/billp/Documents/GitHub/V8/tests/test_ledger.py,0,1,0,1
/Users/billp/Documents/GitHub/V8/tests/test_ledger_bundler_extra.py,1,0,0,1
/Users/billp/Documents/GitHub/V8/tests/test_ledger_canonical_round93.py,1,0,0,1
/Users/billp/Documents/GitHub/V8/tests/test_ledger_manifest_round78.py,1,0,0,1
/Users/billp/Documents/GitHub/V8/tests/test_ledger_reader.py,1,0,0,1
/Users/billp/Documents/GitHub/V8/tests/test_ledger_reader_extra.py,1,0,0,1
/Users/billp/Documents/GitHub/V8/tests/test_ledger_reader_round69.py,1,0,0,1
/Users/billp/Documents/GitHub/V8/tests/test_legacy_types.py,1,0,0,1
/Users/billp/Documents/GitHub/V8/tests/test_llm_factory.py,1,0,0,1
/Users/billp/Documents/GitHub/V8/tests/test_logging_config.py,1,0,0,1
/Users/billp/Documents/GitHub/V8/tests/test_metrics.py,1,0,0,1
/Users/billp/Documents/GitHub/V8/tests/test_ml_decision_making_production.py,1,0,0,1
/Users/billp/Documents/GitHub/V8/tests/test_ml_governance_extra.py,1,0,0,1
/Users/billp/Documents/GitHub/V8/tests/test_mocks.py,1,0,0,1
/Users/billp/Documents/GitHub/V8/tests/test_model_configuration.py,1,0,0,1
/Users/billp/Documents/GitHub/V8/tests/test_model_response_validation.py,1,0,0,1
/Users/billp/Documents/GitHub/V8/tests/test_models_registry_round108.py,1,0,0,1
/Users/billp/Documents/GitHub/V8/tests/test_monitoring_loop_branches_round24.py,0,1,0,1
/Users/billp/Documents/GitHub/V8/tests/test_multi_modal_embeddings.py,1,0,0,1
/Users/billp/Documents/GitHub/V8/tests/test_multi_modal_governance.py,1,0,0,1
/Users/billp/Documents/GitHub/V8/tests/test_multi_modal_orchestrator_extra.py,1,0,0,1
/Users/billp/Documents/GitHub/V8/tests/test_multi_tenancy_isolation.py,1,0,0,1
/Users/billp/Documents/GitHub/V8/tests/test_multi_tenant_production.py,1,0,0,1
/Users/billp/Documents/GitHub/V8/tests/test_multisig_verifier.py,1,0,0,1
/Users/billp/Documents/GitHub/V8/tests/test_null_anchor_provider_round72.py,1,0,0,1
/Users/billp/Documents/GitHub/V8/tests/test_observability.py,1,0,0,1
/Users/billp/Documents/GitHub/V8/tests/test_observability_batch9.py,1,0,0,1
/Users/billp/Documents/GitHub/V8/tests/test_observability_logging_fallback.py,1,0,0,1
/Users/billp/Documents/GitHub/V8/tests/test_omission_detector_round61.py,1,0,0,1
/Users/billp/Documents/GitHub/V8/tests/test_opa_audit_events.py,1,0,0,1
/Users/billp/Documents/GitHub/V8/tests/test_opa_audit_round95.py,1,0,0,1
/Users/billp/Documents/GitHub/V8/tests/test_opa_client.py,1,0,0,1
/Users/billp/Documents/GitHub/V8/tests/test_opa_client_round80.py,1,0,0,1
/Users/billp/Documents/GitHub/V8/tests/test_opa_enforcer_extra.py,1,0,0,1
/Users/billp/Documents/GitHub/V8/tests/test_operational_risk_detector_round62.py,1,0,0,1
/Users/billp/Documents/GitHub/V8/tests/test_orchestrator_branches_extra.py,0,1,0,1
/Users/billp/Documents/GitHub/V8/tests/test_orchestrator_exec_engine.py,1,0,0,1
/Users/billp/Documents/GitHub/V8/tests/test_orchestrator_exec_engine_branches_extra.py,1,0,0,1
/Users/billp/Documents/GitHub/V8/tests/test_orchestrator_production.py,1,0,0,1
/Users/billp/Documents/GitHub/V8/tests/test_orchestrator_v2.py,1,0,0,1
/Users/billp/Documents/GitHub/V8/tests/test_phase1_tier0_bypass.py,1,0,0,1
/Users/billp/Documents/GitHub/V8/tests/test_policy_delivery_runtime.py,1,0,0,1
/Users/billp/Documents/GitHub/V8/tests/test_policy_executor.py,1,0,0,1
/Users/billp/Documents/GitHub/V8/tests/test_policy_executor_provenance_extra.py,1,0,0,1
/Users/billp/Documents/GitHub/V8/tests/test_policy_gate_service.py,1,0,0,1
/Users/billp/Documents/GitHub/V8/tests/test_policy_optimization_module.py,0,1,0,1
/Users/billp/Documents/GitHub/V8/tests/test_portal_integration.py,1,0,0,1
/Users/billp/Documents/GitHub/V8/tests/test_precedent.py,1,0,0,1
/Users/billp/Documents/GitHub/V8/tests/test_precedent_backend_config.py,0,1,0,1
/Users/billp/Documents/GitHub/V8/tests/test_precedent_batch8.py,1,0,0,1
/Users/billp/Documents/GitHub/V8/tests/test_precedent_conflict_drift.py,1,0,0,1
/Users/billp/Documents/GitHub/V8/tests/test_precedent_embeddings.py,1,0,0,1
/Users/billp/Documents/GitHub/V8/tests/test_precedent_retrieval.py,1,0,0,1
/Users/billp/Documents/GitHub/V8/tests/test_precedent_retrieval_extra.py,1,0,0,1
/Users/billp/Documents/GitHub/V8/tests/test_precedent_retrieval_more.py,1,0,0,1
/Users/billp/Documents/GitHub/V8/tests/test_precedent_store_additional.py,1,0,0,1
/Users/billp/Documents/GitHub/V8/tests/test_precedent_store_backends.py,1,0,0,1
/Users/billp/Documents/GitHub/V8/tests/test_precedent_store_branching_extra.py,1,0,0,1
/Users/billp/Documents/GitHub/V8/tests/test_precedent_store_core.py,0,1,0,1
/Users/billp/Documents/GitHub/V8/tests/test_precedent_store_integrations.py,0,1,0,1
/Users/billp/Documents/GitHub/V8/tests/test_precedent_stores_round83.py,0,1,0,1
/Users/billp/Documents/GitHub/V8/tests/test_precedent_supremacy.py,1,0,0,1
/Users/billp/Documents/GitHub/V8/tests/test_predictive_base.py,1,0,0,1
/Users/billp/Documents/GitHub/V8/tests/test_predictive_drift_branches_round47.py,1,0,0,1
/Users/billp/Documents/GitHub/V8/tests/test_predictive_engine.py,1,0,0,1
/Users/billp/Documents/GitHub/V8/tests/test_predictive_engine_improvements.py,1,0,0,1
/Users/billp/Documents/GitHub/V8/tests/test_predictive_governance_helpers.py,1,0,0,1
/Users/billp/Documents/GitHub/V8/tests/test_predictive_individual.py,1,0,0,1
/Users/billp/Documents/GitHub/V8/tests/test_predictive_integration.py,1,0,0,1
/Users/billp/Documents/GitHub/V8/tests/test_predictive_storage_branches_round45.py,1,0,0,1
/Users/billp/Documents/GitHub/V8/tests/test_privacy_identity_critic.py,1,0,0,1
/Users/billp/Documents/GitHub/V8/tests/test_procedural_fairness_detector_round63.py,1,0,0,1
/Users/billp/Documents/GitHub/V8/tests/test_production_gpu_modules.py,1,0,0,1
/Users/billp/Documents/GitHub/V8/tests/test_production_image_pins.py,1,0,0,1
/Users/billp/Documents/GitHub/V8/tests/test_production_integration.py,1,0,0,1
/Users/billp/Documents/GitHub/V8/tests/test_prov_bundle.py,1,0,0,1
/Users/billp/Documents/GitHub/V8/tests/test_provider_mode_docs.py,1,0,0,1
/Users/billp/Documents/GitHub/V8/tests/test_provider_modes.py,0,1,0,1
/Users/billp/Documents/GitHub/V8/tests/test_pytest_ci_config.py,1,0,0,1
/Users/billp/Documents/GitHub/V8/tests/test_pytest_ci_signal_config.py,1,0,0,1
/Users/billp/Documents/GitHub/V8/tests/test_pytest_local_config.py,1,0,0,1
/Users/billp/Documents/GitHub/V8/tests/test_quick_precedent_signature_cache.py,1,0,0,1
/Users/billp/Documents/GitHub/V8/tests/test_rate_limit.py,1,0,0,1
/Users/billp/Documents/GitHub/V8/tests/test_rate_limit_branches_round31.py,0,1,0,1
/Users/billp/Documents/GitHub/V8/tests/test_rate_limit_extra.py,0,1,0,1
/Users/billp/Documents/GitHub/V8/tests/test_rbac_module.py,1,0,0,1
/Users/billp/Documents/GitHub/V8/tests/test_redundancy_branches_round37.py,1,0,0,1
/Users/billp/Documents/GitHub/V8/tests/test_replay_deterministic_branches_round34.py,0,1,0,1
/Users/billp/Documents/GitHub/V8/tests/test_replay_deterministic_module.py,1,0,0,1
/Users/billp/Documents/GitHub/V8/tests/test_replay_store.py,1,0,0,1
/Users/billp/Documents/GitHub/V8/tests/test_replay_store_contexts_extra.py,1,0,0,1
/Users/billp/Documents/GitHub/V8/tests/test_replay_store_extra.py,1,0,0,1
/Users/billp/Documents/GitHub/V8/tests/test_request_guards_branches_round41.py,1,0,0,1
/Users/billp/Documents/GitHub/V8/tests/test_resilience_degradation.py,1,0,0,1
/Users/billp/Documents/GitHub/V8/tests/test_resource_burden_detector_round64.py,1,0,0,1
/Users/billp/Documents/GitHub/V8/tests/test_resource_manager_coverage.py,1,0,0,1
/Users/billp/Documents/GitHub/V8/tests/test_resource_manager_extra.py,1,0,0,1
/Users/billp/Documents/GitHub/V8/tests/test_resource_manager_missing_branches.py,1,0,0,1
/Users/billp/Documents/GitHub/V8/tests/test_resource_manager_more.py,1,0,0,1
/Users/billp/Documents/GitHub/V8/tests/test_response_schemas.py,0,1,0,1
/Users/billp/Documents/GitHub/V8/tests/test_rest_main_security_router.py,1,0,0,1
/Users/billp/Documents/GitHub/V8/tests/test_retry_utility.py,1,0,0,1
/Users/billp/Documents/GitHub/V8/tests/test_review_triggers_round98.py,1,0,0,1
/Users/billp/Documents/GitHub/V8/tests/test_rights_critic.py,1,0,0,1
/Users/billp/Documents/GitHub/V8/tests/test_rights_tracker.py,1,0,0,1
/Users/billp/Documents/GitHub/V8/tests/test_router_adapters.py,1,0,0,1
/Users/billp/Documents/GitHub/V8/tests/test_router_cache.py,1,0,0,1
/Users/billp/Documents/GitHub/V8/tests/test_router_v8.py,1,0,0,1
/Users/billp/Documents/GitHub/V8/tests/test_routing_comprehensive.py,1,0,0,1
/Users/billp/Documents/GitHub/V8/tests/test_rules_round97.py,1,0,0,1
/Users/billp/Documents/GitHub/V8/tests/test_run_helpers_coverage.py,1,0,0,1
/Users/billp/Documents/GitHub/V8/tests/test_runtime_critics_branches_extra.py,1,0,0,1
/Users/billp/Documents/GitHub/V8/tests/test_runtime_diagnostics.py,1,0,0,1
/Users/billp/Documents/GitHub/V8/tests/test_runtime_environment_profiles.py,1,0,0,1
/Users/billp/Documents/GitHub/V8/tests/test_runtime_errors_branches_round28.py,1,0,0,1
/Users/billp/Documents/GitHub/V8/tests/test_runtime_governance_branches_round33.py,1,0,0,1
/Users/billp/Documents/GitHub/V8/tests/test_runtime_governance_extra.py,0,1,0,1
/Users/billp/Documents/GitHub/V8/tests/test_runtime_helpers_branches_round48.py,1,0,0,1
/Users/billp/Documents/GitHub/V8/tests/test_runtime_humility_invariants.py,1,0,0,1
/Users/billp/Documents/GitHub/V8/tests/test_runtime_initialization_branches_extra.py,1,0,0,1
/Users/billp/Documents/GitHub/V8/tests/test_runtime_lifecycle_round102.py,1,0,0,1
/Users/billp/Documents/GitHub/V8/tests/test_runtime_models_branches_round24.py,1,0,0,1
/Users/billp/Documents/GitHub/V8/tests/test_runtime_path_wiring.py,1,0,0,1
/Users/billp/Documents/GitHub/V8/tests/test_runtime_pipeline_round86.py,0,1,0,1
/Users/billp/Documents/GitHub/V8/tests/test_runtime_routing_branches_extra.py,1,0,0,1
/Users/billp/Documents/GitHub/V8/tests/test_runtime_routing_branches_round32.py,1,0,0,1
/Users/billp/Documents/GitHub/V8/tests/test_schemas_response_round110.py,0,1,0,1
/Users/billp/Documents/GitHub/V8/tests/test_secret_rotation_attestation.py,1,0,0,1
/Users/billp/Documents/GitHub/V8/tests/test_secrets.py,1,0,0,1
/Users/billp/Documents/GitHub/V8/tests/test_secrets_core_validation_extra.py,1,0,0,1
/Users/billp/Documents/GitHub/V8/tests/test_secrets_management.py,1,0,0,1
/Users/billp/Documents/GitHub/V8/tests/test_secrets_provider_azure_round21.py,0,1,0,1
/Users/billp/Documents/GitHub/V8/tests/test_secrets_provider_extended.py,1,0,0,1
/Users/billp/Documents/GitHub/V8/tests/test_security.py,1,0,0,1
/Users/billp/Documents/GitHub/V8/tests/test_security_anomaly_detection.py,1,0,0,1
/Users/billp/Documents/GitHub/V8/tests/test_security_audit_branches_extra.py,0,1,0,1
/Users/billp/Documents/GitHub/V8/tests/test_security_audit_init_round68.py,1,0,0,1
/Users/billp/Documents/GitHub/V8/tests/test_security_audit_metrics.py,1,0,0,1
/Users/billp/Documents/GitHub/V8/tests/test_security_audit_module.py,1,0,0,1
/Users/billp/Documents/GitHub/V8/tests/test_security_audit_round106.py,1,0,0,1
/Users/billp/Documents/GitHub/V8/tests/test_security_headers.py,1,0,0,1
/Users/billp/Documents/GitHub/V8/tests/test_security_headers_branches_round46.py,1,0,0,1
/Users/billp/Documents/GitHub/V8/tests/test_security_headers_middleware_extra.py,1,0,0,1
/Users/billp/Documents/GitHub/V8/tests/test_security_ledger.py,1,0,0,1
/Users/billp/Documents/GitHub/V8/tests/test_security_monitoring_middleware.py,1,0,0,1
/Users/billp/Documents/GitHub/V8/tests/test_security_routes_branches_round52.py,1,0,0,1
/Users/billp/Documents/GitHub/V8/tests/test_security_sanitizer.py,1,0,0,1
/Users/billp/Documents/GitHub/V8/tests/test_security_sanitizer_coverage.py,1,0,0,1
/Users/billp/Documents/GitHub/V8/tests/test_security_sanitizer_more.py,1,0,0,1
/Users/billp/Documents/GitHub/V8/tests/test_semantic_cache.py,1,0,0,1
/Users/billp/Documents/GitHub/V8/tests/test_semantics_manifest.py,1,0,0,1
/Users/billp/Documents/GitHub/V8/tests/test_siem_branches_round40.py,1,0,0,1
/Users/billp/Documents/GitHub/V8/tests/test_siem_branching_round21.py,1,0,0,1
/Users/billp/Documents/GitHub/V8/tests/test_siem_exporters.py,1,0,0,1
/Users/billp/Documents/GitHub/V8/tests/test_signals_extra.py,1,0,0,1
/Users/billp/Documents/GitHub/V8/tests/test_signer_branches_round24.py,1,0,0,1
/Users/billp/Documents/GitHub/V8/tests/test_simple_detectors_branches_round23.py,1,0,0,1
/Users/billp/Documents/GitHub/V8/tests/test_small_engine_components.py,1,0,0,1
/Users/billp/Documents/GitHub/V8/tests/test_start_ui_script.py,1,0,0,1
/Users/billp/Documents/GitHub/V8/tests/test_streaming_helpers_coverage.py,1,0,0,1
/Users/billp/Documents/GitHub/V8/tests/test_structural_disadvantage_detector_round65.py,1,0,0,1
/Users/billp/Documents/GitHub/V8/tests/test_structured_data_processor.py,1,0,0,1
/Users/billp/Documents/GitHub/V8/tests/test_temporal_evolution.py,1,0,0,1
/Users/billp/Documents/GitHub/V8/tests/test_temporal_evolution_branches_extra.py,1,0,0,1
/Users/billp/Documents/GitHub/V8/tests/test_temporal_evolution_branches_round35.py,1,0,0,1
/Users/billp/Documents/GitHub/V8/tests/test_tenant_cache_branches_round23.py,1,0,0,1
/Users/billp/Documents/GitHub/V8/tests/test_tenant_guard_integration.py,1,0,0,1
/Users/billp/Documents/GitHub/V8/tests/test_tenant_manager_extra.py,1,0,0,1
/Users/billp/Documents/GitHub/V8/tests/test_tenant_metrics_branches_round22.py,1,0,0,1
/Users/billp/Documents/GitHub/V8/tests/test_tenant_resources_branches_round24.py,1,0,0,1
/Users/billp/Documents/GitHub/V8/tests/test_tenant_resources_branches_round44.py,1,0,0,1
/Users/billp/Documents/GitHub/V8/tests/test_testing_bypass_audit.py,1,0,0,1
/Users/billp/Documents/GitHub/V8/tests/test_time_constraints_detector_round67.py,1,0,0,1
/Users/billp/Documents/GitHub/V8/tests/test_tls_manager_branching_round21.py,1,0,0,1
/Users/billp/Documents/GitHub/V8/tests/test_tls_manager_middleware.py,1,0,0,1
/Users/billp/Documents/GitHub/V8/tests/test_tracked_env_secret_guard.py,1,0,0,1
/Users/billp/Documents/GitHub/V8/tests/test_traffic_light_governance.py,0,1,0,1
/Users/billp/Documents/GitHub/V8/tests/test_truth_critic_wrapper.py,1,0,0,1
/Users/billp/Documents/GitHub/V8/tests/test_uncertainty_calibration.py,1,0,0,1
/Users/billp/Documents/GitHub/V8/tests/test_uncertainty_empirical_calibration.py,1,0,0,1
/Users/billp/Documents/GitHub/V8/tests/test_uncertainty_round94.py,1,0,0,1
/Users/billp/Documents/GitHub/V8/tests/test_uncertainty_validation.py,1,0,0,1
/Users/billp/Documents/GitHub/V8/tests/test_user_rate_limit_branches_round42.py,1,0,0,1
/Users/billp/Documents/GitHub/V8/tests/test_validators_types_round73.py,1,0,0,1
/Users/billp/Documents/GitHub/V8/tests/test_video_processor.py,1,0,0,1
/Users/billp/Documents/GitHub/V8/tests/test_vision_processor.py,1,0,0,1
/Users/billp/Documents/GitHub/V8/tests/test_websocket_auth.py,1,0,0,1
/Users/billp/Documents/GitHub/V8/tests/test_wiring_contract_regressions.py,1,0,0,1
/Users/billp/Documents/GitHub/V8/tests/test_zero_trust_architecture.py,1,0,0,1
/Users/billp/Documents/GitHub/V8/tests/test_zero_trust_middleware_round25.py,1,0,0,1
aggregator/test_aggregator_internal_branches.py,0,0,1,1
audit_sink.py,0,0,1,1
binder_docs.py,0,1,0,1
chaos/test_resilience.py,1,0,0,1
check_tracked_env_secrets.py,0,1,0,1
config/manager.py,0,1,0,1
config/overlay.py,0,1,0,1
config/settings/components/precedent.py,0,0,1,1
config/settings/components/router.py,0,0,1,1
config/settings/gpu/portal_integration.py,0,1,0,1
config/settings/main/settings.py,1,0,0,1
config/settings/main/validation.py,1,0,0,1
constitutional/test_arbiter_property_invariants.py,0,1,0,1
constitutional/test_tier1_hardening_invariants.py,1,0,0,1
coverage_profiles.py,0,1,0,1
critics/autonomy.py,0,1,0,1
critics/consistency.py,0,1,0,1
critics/fairness.py,0,1,0,1
critics/redundancy.py,0,1,0,1
critics/rights.py,0,1,0,1
database/pool.py,1,0,0,1
demo_human_review.py,1,0,0,1
detectors/autonomy/detector.py,0,1,0,1
detectors/cascading_failure/detector.py,0,1,0,1
detectors/cascading_pragmatic_failure/detector.py,0,1,0,1
detectors/coercion/detector.py,0,1,0,1
detectors/contradiction/detector.py,0,1,0,1
detectors/dehumanization/detector.py,0,1,0,1
detectors/discrimination/detector.py,0,1,0,1
detectors/disparate_impact/detector.py,0,1,0,1
detectors/disparate_treatment/detector.py,0,1,0,1
detectors/embedding_bias/detector.py,0,1,0,1
detectors/environmental_impact/detector.py,0,1,0,1
detectors/evidence_grounding/detector.py,0,1,0,1
detectors/factual_accuracy/detector.py,0,1,0,1
detectors/feasibility/detector.py,0,1,0,1
detectors/hallucination/detector.py,0,1,0,1
detectors/irreversible_harm/detector.py,0,1,0,1
detectors/omission/detector.py,0,1,0,1
detectors/operational_risk/detector.py,0,1,0,1
detectors/physical_safety/detector.py,0,1,0,1
detectors/privacy/detector.py,0,1,0,1
detectors/procedural_fairness/detector.py,0,1,0,1
detectors/psychological_harm/detector.py,0,1,0,1
detectors/resource_burden/detector.py,0,1,0,1
detectors/structural_disadvantage/detector.py,0,1,0,1
detectors/time_constraints/detector.py,0,1,0,1
enginecore.py,0,1,0,1
execution/audit_store.py,0,1,0,1
governance/constitutional_priority.py,0,1,0,1
governance/drift_analysis.py,0,1,0,1
governance/enforcement.py,0,1,0,1
governance/explainable.py,0,1,0,1
governance/multi_gpu_balancer.py,1,0,0,1
governance/opa_enforcer.py,0,1,0,1
governance/test_tier0_registry.py,0,1,0,1
governor.py,0,0,1,1
gpu/monitoring.py,1,0,0,1
gpu_integration.py,0,1,0,1
human_review/service.py,0,1,0,1
integration/test_api_integration.py,0,1,0,1
load/test_concurrent_requests.py,0,1,0,1
middleware/request_security.py,1,0,0,1
mocks.py,0,1,0,1
monitoring/incidents.py,0,1,0,1
monitoring/monitor.py,0,1,0,1
multisig_verifier.py,0,1,0,1
observability/logging.py,1,0,0,1
observability/security_metrics.py,0,1,0,1
portal_api.py,0,1,0,1
predictive_governance/alerts.py,0,1,0,1
promotion_guard.py,1,0,0,1
purity_check.py,1,0,0,1
recorder/db_sink.py,0,1,0,1
recorder/ledger/signer.py,0,1,0,1
recorder/ledger/store_adapter.py,0,0,1,1
rest/governance.py,0,1,0,1
rest/metrics.py,0,1,0,1
rest/routes/security.py,0,0,1,1
rest/runtime_diagnostics.py,0,1,0,1
review_triggers.py,0,1,0,1
router/mock_adapter.py,0,0,1,1
runtime/critic_isolation.py,0,1,0,1
runtime/precedent_backend.py,0,1,0,1
runtime/provider_modes.py,0,1,0,1
schemas.py,0,0,1,1
schemas/critic_schemas.py,0,1,0,1
schemas/pipeline_types.py,0,0,1,1
security/secrets/core/base.py,1,0,0,1
test_api_bootstrap.py,0,1,0,1
test_api_workflow_e2e.py,0,0,1,1
test_async_gpu_executor.py,0,0,1,1
test_audit_alerts_branches_extra.py,0,1,0,1
test_audit_query.py,0,1,0,1
test_audit_query_extra.py,0,1,0,1
test_audit_routes_extra_branches.py,0,0,1,1
test_audit_utils_deterministic_extra.py,0,0,1,1
test_autonomy_critic.py,0,1,0,1
test_batch_processor_comprehensive.py,0,0,1,1
test_bench_openai.py,0,0,1,1
test_config_settings.py,1,0,0,1
test_constitutional_compliance.py,0,1,0,1
test_critic_evaluation.py,0,1,0,1
test_critics_v8.py,0,1,0,1
test_deliberation_helper_branches_extra.py,0,1,0,1
test_deliberation_utils.py,0,0,1,1
test_engine_helpers.py,0,1,0,1
test_engine_resource_management_extra.py,0,1,0,1
test_evidence_recorder_async_extra.py,0,1,0,1
test_governance_audit_postgres_sink.py,0,1,0,1
test_governance_audit_security_hardening.py,0,1,0,1
test_governance_preview_endpoint.py,0,1,0,1
test_governor_round99.py,0,1,0,1
test_gpu_batch_processor_async.py,0,1,0,1
test_gpu_hardening_regressions.py,1,0,0,1
test_gpu_manager.py,0,0,1,1
test_immutable_log.py,0,0,1,1
test_infrastructure_v8.py,0,0,1,1
test_ledger_bundler_extra.py,0,1,0,1
test_model_response_validation.py,1,0,0,1
test_orchestrator_exec_engine.py,0,0,1,1
test_orchestrator_production.py,0,1,0,1
test_precedent_retrieval.py,0,1,0,1
test_precedent_store_additional.py,0,1,0,1
test_precedent_store_backends.py,0,1,0,1
test_precedent_stores_round83.py,0,1,0,1
test_predictive_governance_helpers.py,0,0,1,1
test_predictive_storage_branches_round45.py,0,1,0,1
test_redundancy_branches_round37.py,1,0,0,1
test_replay_deterministic_module.py,0,1,0,1
test_rights_critic.py,0,1,0,1
test_runtime_governance_branches_round33.py,0,0,1,1
test_runtime_humility_invariants.py,0,0,1,1
test_secrets_management.py,0,0,1,1
test_security_monitoring_middleware.py,0,1,0,1
test_security_routes_extended.py,0,1,0,1
test_simple_detectors_branches_round23.py,0,0,1,1
test_testing_bypass_audit.py,1,0,0,1
test_tls_manager_branching_round21.py,0,1,0,1
test_validation_security_comprehensive.py,1,0,0,1
test_vault_provider_factory_branches_round22.py,0,1,0,1
tier0_registry.py,0,1,0,1
validate_config.py,0,1,0,1
